0,0,3.0268e-43
0,0,0
3.0268e-43,0,0
0,0,0
0,0,0
0,0,0
0,0,0
0,0,0
0,0,0
0,0,0
0,0,0
0,0,0
0,0,0
0,0,0
0,0,0
0,0,0
0,0,0
0,0,0
0,0,0
0,0,0
0,0,0
0,0,0
0,0,0
0,0,0
0,0,0
0,0,0
0,0,0
0,0,0
0,0,0
0,0,0
0,0,0
0,0,0
0,0,0
0,0,0
0,0,0
0,0,0
0,0,0
0,0,0
0,0,0
0,0,0
0,0,0
0,0,0
0,0,0
0,0,0
0,0,0
0,0,0
0,0,0
0,0,0
0,0,0
0,0,0
0,0,0
0,0,0
0,0,0
0,0,0
0,0,0
0,0,0
0,0,0
0,0,0
0,0,0
0,0,0
0,0,0
0,0,0
0,0,0
0,0,0
0,0,0
0,0,0
0,0,0
0,0,0
0,0,0
0,0,0
0,0,0
0,0,0
0,0,0
0,0,0
0,0,0
0,0,0
0,0,0
0,0,0
0,0,0
0,0,0
0,0,0
0,0,0
0,0,0
0,0,0
0,0,0
0,0,0
0,0,0
0,0,0
0,0,0
0,0,0
0,0,0
0,0,0
0,0,0
0,0,0
0,0,0
0,0,0
0,0,0
0,0,0
0,0,0
0,0,0
0,0,0
0,0,0
0,0,0
0,0,0
0,0,0
0,0,0
0,0,0
0,0,0
0,0,0
0,0,0
0,0,0
0,0,0
0,0,0
0,0,0
0,0,0
0,0,0
0,0,0
0,0,0
0,0,0
0,0,0
0,0,0
-8.13842e+31,-0.00148411,-8.13925e+31
0,0,0
-7.36877e+31,-0.00146877,-7.36851e+31
-7.54139e+30,0.00021354,-7.54113e+30
-8.13877e+31,-0.00148411,-8.13849e+31
-7.4412e+30,0.000243478,-7.44094e+30
-3.56468e+30,0.00388203,-3.56456e+30
-7.54139e+30,0.00021354,-7.54113e+30
-3.53467e+30,0.00397049,-3.53455e+30
-2.33894e+30,0.0125932,-2.33886e+30
-3.56468e+30,0.00388203,-3.56456e+30
-2.33392e+30,0.0126005,-2.33384e+30
-1.66433e+30,0.0160217,-1.66427e+30
-2.33894e+30,0.0125932,-2.33886e+30
-1.67069e+30,0.0163935,-1.67064e+30
-1.40318e+30,-0.00707412,-1.40313e+30
-1.66433e+30,0.0160217,-1.66427e+30
-1.39976e+30,-0.00726878,-1.39971e+30
-1.83812e+30,-0.00494594,-1.83805e+30
-1.40318e+30,-0.00707412,-1.40313e+30
-1.82955e+30,-0.00495907,-1.82949e+30
-3.76764e+30,0.000776883,-3.76751e+30
-1.83812e+30,-0.00494594,-1.83805e+30
-3.72198e+30,0.000705134,-3.72185e+30
-9.16922e+30,0.00398278,-9.1689e+30
-3.76764e+30,0.000776883,-3.76751e+30
-9.0251e+30,0.00394886,-9.02479e+30
-1.45356e+32,0.00615732,-1.45351e+32
-9.16922e+30,0.00398278,-9.1689e+30
-1.26442e+32,0.00612923,-1.26438e+32
0,0,0
-1.45356e+32,0.00615732,-1.45351e+32
0,0,0
0,0,0
0,0,0
0,0,0
0,0,0
0,0,0
0,0,0
0,0,0
0,0,0
0,0,0
0,0,0
0,0,0
0,0,0
0,0,0
0,0,0
0,0,0
0,0,0
0,0,0
0,0,0
0,0,0
0,0,0
0,0,0
0,0,0
0,0,0
0,0,0
0,0,0
0,0,0
0,0,0
0,0,0
0,0,0
0,0,0
0,0,0
0,0,0
-5.81237e+31,-0.00142579,-5.81217e+31
0,0,0
0,0,0
-7.18059e+30,0.000331356,-7.18034e+30
-7.36877e+31,-0.00146877,-7.36851e+31
-5.81237e+31,-0.00142579,-5.81217e+31
-3.45375e+30,0.00421579,-3.45363e+30
-7.4412e+30,0.000243478,-7.44094e+30
-7.18059e+30,0.000331356,-7.18034e+30
-2.31966e+30,0.0125927,-2.31958e+30
-3.53467e+30,0.00397049,-3.53455e+30
-3.45375e+30,0.00421579,-3.45363e+30
-1.68908e+30,0.0174227,-1.68902e+30
-2.33392e+30,0.0126005,-2.33384e+30
-2.31966e+30,0.0125927,-2.31958e+30
-1.39077e+30,-0.00779398,-1.39073e+30
-1.67069e+30,0.0163935,-1.67064e+30
-1.68908e+30,0.0174227,-1.68902e+30
-1.80719e+30,-0.00497999,-1.80713e+30
-1.39976e+30,-0.00726878,-1.39971e+30
-1.39077e+30,-0.00779398,-1.39073e+30
-3.60271e+30,0.000507478,-3.60258e+30
-1.82955e+30,-0.00495907,-1.82949e+30
-1.80719e+30,-0.00497999,-1.80713e+30
-8.64777e+30,0.00385463,-8.64747e+30
-3.72198e+30,0.000705134,-3.72185e+30
-3.60271e+30,0.000507478,-3.60258e+30
-9.22242e+31,0.00605127,-9.2221e+31
-9.0251e+30,0.00394886,-9.02479e+30
-8.64777e+30,0.00385463,-8.64747e+30
0,0,0
-1.26442e+32,0.00612923,-1.26438e+32
-9.22242e+31,0.00605127,-9.2221e+31
0,0,0
0,0,0
0,0,0
0,0,0
0,0,0
0,0,0
0,0,0
0,0,0
0,0,0
0,0,0
0,0,0
0,0,0
0,0,0
0,0,0
0,0,0
0,0,0
0,0,0
0,0,0
0,0,0
0,0,0
0,0,0
0,0,0
0,0,0
0,0,0
0,0,0
0,0,0
0,0,0
0,0,0
0,0,0
0,0,0
0,0,0
0,0,0
0,0,0
-4.43967e+31,-0.00136315,-4.43952e+31
0,0,0
0,0,0
-6.84286e+30,0.000454325,-6.84262e+30
-5.81237e+31,-0.00142579,-5.81217e+31
-4.43967e+31,-0.00136315,-4.43952e+31
-3.35064e+30,0.00456376,-3.35052e+30
-7.18059e+30,0.000331356,-7.18034e+30
-6.84286e+30,0.000454325,-6.84262e+30
-2.2998e+30,0.0125119,-2.29972e+30
-3.45375e+30,0.00421579,-3.45363e+30
-3.35064e+30,0.00456376,-3.35052e+30
-1.71666e+30,0.0188631,-1.7166e+30
-2.31966e+30,0.0125927,-2.31958e+30
-2.2998e+30,0.0125119,-2.29972e+30
-1.37906e+30,-0.00849804,-1.37901e+30
-1.68908e+30,0.0174227,-1.68902e+30
-1.71666e+30,0.0188631,-1.7166e+30
-1.77919e+30,-0.00497458,-1.77913e+30
-1.39077e+30,-0.00779398,-1.39073e+30
-1.37906e+30,-0.00849804,-1.37901e+30
-3.44883e+30,0.000229708,-3.44871e+30
-1.80719e+30,-0.00497999,-1.80713e+30
-1.77919e+30,-0.00497458,-1.77913e+30
-8.16163e+30,0.0037202,-8.16135e+30
-3.60271e+30,0.000507478,-3.60258e+30
-3.44883e+30,0.000229708,-3.44871e+30
-6.57022e+31,0.00593935,-6.56999e+31
-8.64777e+30,0.00385463,-8.64747e+30
-8.16163e+30,0.0037202,-8.16135e+30
0,0,0
-9.22242e+31,0.00605127,-9.2221e+31
-6.57022e+31,0.00593935,-6.56999e+31
0,0,0
0,0,0
0,0,0
0,0,0
0,0,0
0,0,0
0,0,0
0,0,0
0,0,0
0,0,0
0,0,0
0,0,0
0,0,0
0,0,0
0,0,0
0,0,0
0,0,0
0,0,0
0,0,0
0,0,0
0,0,0
0,0,0
0,0,0
0,0,0
0,0,0
0,0,0
0,0,0
0,0,0
0,0,0
0,0,0
0,0,0
0,0,0
0,0,0
-3.50486e+31,-0.00128882,-3.50474e+31
0,0,0
0,0,0
-6.51191e+30,0.000591368,-6.51168e+30
-4.43967e+31,-0.00136315,-4.43952e+31
-3.50486e+31,-0.00128882,-3.50474e+31
-3.25052e+30,0.00494586,-3.25041e+30
-6.84286e+30,0.000454325,-6.84262e+30
-6.51191e+30,0.000591368,-6.51168e+30
-2.27813e+30,0.0123396,-2.27805e+30
-3.35064e+30,0.00456376,-3.35052e+30
-3.25052e+30,0.00494586,-3.25041e+30
-1.74847e+30,0.0204099,-1.74841e+30
-2.2998e+30,0.0125119,-2.29972e+30
-2.27813e+30,0.0123396,-2.27805e+30
-1.36766e+30,-0.00921383,-1.36761e+30
-1.71666e+30,0.0188631,-1.7166e+30
-1.74847e+30,0.0204099,-1.74841e+30
-1.75255e+30,-0.00492435,-1.75249e+30
-1.37906e+30,-0.00849804,-1.37901e+30
-1.36766e+30,-0.00921383,-1.36761e+30
-3.29829e+30,-7.04238e-05,-3.29818e+30
-1.77919e+30,-0.00497458,-1.77913e+30
-1.75255e+30,-0.00492435,-1.75249e+30
-7.68592e+30,0.00357204,-7.68565e+30
-3.44883e+30,0.000229708,-3.44871e+30
-3.29829e+30,-7.04238e-05,-3.29818e+30
-4.92566e+31,0.00581477,-4.92549e+31
-8.16163e+30,0.0037202,-8.16135e+30
-7.68592e+30,0.00357204,-7.68565e+30
0,0,0
-6.57022e+31,0.00593935,-6.56999e+31
-4.92566e+31,0.00581477,-4.92549e+31
0,0,0
0,0,0
0,0,0
0,0,0
0,0,0
0,0,0
0,0,0
0,0,0
0,0,0
0,0,0
0,0,0
0,0,0
0,0,0
0,0,0
0,0,0
0,0,0
0,0,0
0,0,0
0,0,0
0,0,0
0,0,0
0,0,0
0,0,0
0,0,0
0,0,0
0,0,0
0,0,0
0,0,0
0,0,0
0,0,0
0,0,0
0,0,0
0,0,0
-2.92718e+31,-0.00122021,-2.92708e+31
0,0,0
0,0,0
-6.24245e+30,0.000718204,-6.24223e+30
-3.50486e+31,-0.00128882,-3.50474e+31
-2.92718e+31,-0.00122021,-2.92708e+31
-3.17026e+30,0.0052929,-3.17015e+30
-6.51191e+30,0.000591368,-6.51168e+30
-6.24245e+30,0.000718204,-6.24223e+30
-2.25874e+30,0.0121172,-2.25867e+30
-3.25052e+30,0.00494586,-3.25041e+30
-3.17026e+30,0.0052929,-3.17015e+30
-1.77864e+30,0.0217835,-1.77858e+30
-2.27813e+30,0.0123396,-2.27805e+30
-2.25874e+30,0.0121172,-2.25867e+30
-1.35844e+30,-0.00982158,-1.3584e+30
-1.74847e+30,0.0204099,-1.74841e+30
-1.77864e+30,0.0217835,-1.77858e+30
-1.7314e+30,-0.00484154,-1.73134e+30
-1.36766e+30,-0.00921383,-1.36761e+30
-1.35844e+30,-0.00982158,-1.3584e+30
-3.17454e+30,-0.000341262,-3.17443e+30
-1.75255e+30,-0.00492435,-1.75249e+30
-1.7314e+30,-0.00484154,-1.73134e+30
-7.29396e+30,0.00343495,-7.29371e+30
-3.29829e+30,-7.04238e-05,-3.29818e+30
-3.17454e+30,-0.000341262,-3.17443e+30
-3.96349e+31,0.00569843,-3.96335e+31
-7.68592e+30,0.00357204,-7.68565e+30
-7.29396e+30,0.00343495,-7.29371e+30
0,0,0
-4.92566e+31,0.00581477,-4.92549e+31
-3.96349e+31,0.00569843,-3.96335e+31
0,0,0
0,0,0
0,0,0
0,0,0
0,0,0
0,0,0
0,0,0
0,0,0
0,0,0
0,0,0
0,0,0
0,0,0
0,0,0
0,0,0
0,0,0
0,0,0
0,0,0
0,0,0
0,0,0
0,0,0
0,0,0
0,0,0
0,0,0
0,0,0
0,0,0
0,0,0
0,0,0
0,0,0
0,0,0
0,0,0
0,0,0
0,0,0
0,0,0
-2.5958e+31,-0.00116688,-2.59571e+31
0,0,0
0,0,0
-6.05383e+30,0.000815635,-6.05362e+30
-2.92718e+31,-0.00122021,-2.92708e+31
-2.5958e+31,-0.00116688,-2.59571e+31
-3.11479e+30,0.00555593,-3.11468e+30
-6.24245e+30,0.000718204,-6.24223e+30
-6.05383e+30,0.000815635,-6.05362e+30
-2.24369e+30,0.0119093,-2.24361e+30
-3.17026e+30,0.0052929,-3.17015e+30
-3.11479e+30,0.00555593,-3.11468e+30
-1.80203e+30,0.0227998,-1.80196e+30
-2.25874e+30,0.0121172,-2.25867e+30
-2.24369e+30,0.0119093,-2.24361e+30
-1.35208e+30,-0.0102589,-1.35204e+30
-1.77864e+30,0.0217835,-1.77858e+30
-1.80203e+30,0.0227998,-1.80196e+30
-1.71692e+30,-0.00475597,-1.71686e+30
-1.35844e+30,-0.00982158,-1.3584e+30
-1.35208e+30,-0.0102589,-1.35204e+30
-3.08674e+30,-0.000547878,-3.08663e+30
-1.7314e+30,-0.00484154,-1.73134e+30
-1.71692e+30,-0.00475597,-1.71686e+30
-7.0154e+30,0.00332798,-7.01516e+30
-3.17454e+30,-0.000341262,-3.17443e+30
-3.08674e+30,-0.000547878,-3.08663e+30
-3.41989e+31,0.00560648,-3.41977e+31
-7.29396e+30,0.00343495,-7.29371e+30
-7.0154e+30,0.00332798,-7.01516e+30
0,0,0
-3.96349e+31,0.00569843,-3.96335e+31
-3.41989e+31,0.00560648,-3.41977e+31
0,0,0
0,0,0
0,0,0
0,0,0
0,0,0
0,0,0
0,0,0
0,0,0
0,0,0
0,0,0
0,0,0
0,0,0
0,0,0
0,0,0
0,0,0
0,0,0
0,0,0
0,0,0
0,0,0
0,0,0
0,0,0
0,0,0
0,0,0
0,0,0
0,0,0
0,0,0
0,0,0
0,0,0
0,0,0
0,0,0
0,0,0
0,0,0
0,0,0
-2.43673e+31,-0.00113658,-2.43665e+31
0,0,0
0,0,0
-5.95442e+30,0.000872093,-5.95422e+30
-2.5958e+31,-0.00116688,-2.59571e+31
-2.43673e+31,-0.00113658,-2.43665e+31
-3.08427e+30,0.0057044,-3.08416e+30
-6.05383e+30,0.000815635,-6.05362e+30
-5.95442e+30,0.000872093,-5.95422e+30
-2.23524e+30,0.0117766,-2.23517e+30
-3.11479e+30,0.00555593,-3.11468e+30
-3.08427e+30,0.0057044,-3.08416e+30
-1.81558e+30,0.0233714,-1.81551e+30
-2.24369e+30,0.0119093,-2.24361e+30
-2.23524e+30,0.0117766,-2.23517e+30
-1.3485e+30,-0.0105142,-1.34845e+30
-1.80203e+30,0.0227998,-1.80196e+30
-1.81558e+30,0.0233714,-1.81551e+30
-1.70883e+30,-0.00469548,-1.70878e+30
-1.35208e+30,-0.0102589,-1.35204e+30
-1.3485e+30,-0.0105142,-1.34845e+30
-3.03613e+30,-0.000672858,-3.03602e+30
-1.71692e+30,-0.00475597,-1.71686e+30
-1.70883e+30,-0.00469548,-1.70878e+30
-6.85365e+30,0.00326162,-6.85341e+30
-3.08674e+30,-0.000547878,-3.08663e+30
-3.03613e+30,-0.000672858,-3.03602e+30
-3.14393e+31,0.00554887,-3.14382e+31
-7.0154e+30,0.00332798,-7.01516e+30
-6.85365e+30,0.00326162,-6.85341e+30
0,0,0
-3.41989e+31,0.00560648,-3.41977e+31
-3.14393e+31,0.00554887,-3.14382e+31
0,0,0
0,0,0
0,0,0
0,0,0
0,0,0
0,0,0
0,0,0
0,0,0
0,0,0
0,0,0
0,0,0
0,0,0
0,0,0
0,0,0
0,0,0
0,0,0
0,0,0
0,0,0
0,0,0
0,0,0
0,0,0
0,0,0
0,0,0
0,0,0
0,0,0
0,0,0
0,0,0
0,0,0
0,0,0
0,0,0
0,0,0
0,0,0
0,0,0
-2.41455e+31,-0.00113057,-2.41447e+31
0,0,0
0,0,0
-5.93492e+30,0.000881848,-5.93471e+30
-2.43673e+31,-0.00113658,-2.43665e+31
-2.41455e+31,-0.00113057,-2.41447e+31
-3.07923e+30,0.00573205,-3.07912e+30
-5.95442e+30,0.000872093,-5.95422e+30
-5.93492e+30,0.000881848,-5.93471e+30
-2.23372e+30,0.011752,-2.23364e+30
-3.08427e+30,0.0057044,-3.08416e+30
-3.07923e+30,0.00573205,-3.07912e+30
-1.81789e+30,0.0234674,-1.81783e+30
-2.23524e+30,0.0117766,-2.23517e+30
-2.23372e+30,0.011752,-2.23364e+30
-1.34744e+30,-0.0105894,-1.3474e+30
-1.81558e+30,0.0233714,-1.81551e+30
-1.81789e+30,0.0234674,-1.81783e+30
-1.70652e+30,-0.00467647,-1.70646e+30
-1.3485e+30,-0.0105142,-1.34845e+30
-1.34744e+30,-0.0105894,-1.3474e+30
-3.02154e+30,-0.000709845,-3.02144e+30
-1.70883e+30,-0.00469548,-1.70878e+30
-1.70652e+30,-0.00467647,-1.70646e+30
-6.80526e+30,0.00324116,-6.80503e+30
-3.03613e+30,-0.000672858,-3.03602e+30
-3.02154e+30,-0.000709845,-3.02144e+30
-3.06197e+31,0.00552975,-3.06187e+31
-6.85365e+30,0.00326162,-6.85341e+30
-6.80526e+30,0.00324116,-6.80503e+30
0,0,0
-3.14393e+31,0.00554887,-3.14382e+31
-3.06197e+31,0.00552975,-3.06187e+31
0,0,0
0,0,0
0,0,0
0,0,0
0,0,0
0,0,0
0,0,0
0,0,0
0,0,0
0,0,0
0,0,0
0,0,0
0,0,0
0,0,0
0,0,0
0,0,0
0,0,0
0,0,0
0,0,0
0,0,0
0,0,0
0,0,0
0,0,0
0,0,0
0,0,0
0,0,0
0,0,0
0,0,0
0,0,0
0,0,0
0,0,0
0,0,0
0,0,0
-2.52507e+31,-0.00115381,-2.52498e+31
0,0,0
0,0,0
-6.00468e+30,0.000841749,-6.00447e+30
-2.41455e+31,-0.00113057,-2.41447e+31
-2.52507e+31,-0.00115381,-2.52498e+31
-3.09911e+30,0.00563056,-3.099e+30
-5.93492e+30,0.000881848,-5.93471e+30
-6.00468e+30,0.000841749,-6.00447e+30
-2.23964e+30,0.0118415,-2.23957e+30
-3.07923e+30,0.00573205,-3.07912e+30
-3.09911e+30,0.00563056,-3.099e+30
-1.80869e+30,0.0230818,-1.80863e+30
-2.23372e+30,0.011752,-2.23364e+30
-2.23964e+30,0.0118415,-2.23957e+30
-1.34886e+30,-0.0104889,-1.34881e+30
-1.81789e+30,0.0234674,-1.81783e+30
-1.80869e+30,0.0230818,-1.80863e+30
-1.70995e+30,-0.00470449,-1.70989e+30
-1.34744e+30,-0.0105894,-1.3474e+30
-1.34886e+30,-0.0104889,-1.34881e+30
-3.04229e+30,-0.000657264,-3.04218e+30
-1.70652e+30,-0.00467647,-1.70646e+30
-1.70995e+30,-0.00470449,-1.70989e+30
-6.86759e+30,0.0032675,-6.86735e+30
-3.02154e+30,-0.000709845,-3.02144e+30
-3.04229e+30,-0.000657264,-3.04218e+30
-3.15292e+31,0.00555073,-3.15281e+31
-6.80526e+30,0.00324116,-6.80503e+30
-6.86759e+30,0.0032675,-6.86735e+30
0,0,0
-3.06197e+31,0.00552975,-3.06187e+31
-3.15292e+31,0.00555073,-3.15281e+31
0,0,0
0,0,0
0,0,0
0,0,0
0,0,0
0,0,0
0,0,0
0,0,0
0,0,0
0,0,0
0,0,0
0,0,0
0,0,0
0,0,0
0,0,0
0,0,0
0,0,0
0,0,0
0,0,0
0,0,0
0,0,0
0,0,0
0,0,0
0,0,0
0,0,0
0,0,0
0,0,0
0,0,0
0,0,0
0,0,0
0,0,0
0,0,0
0,0,0
-2.7998e+31,-0.00120187,-2.7997e+31
0,0,0
0,0,0
-6.16672e+30,0.000758905,-6.1665e+30
-2.52507e+31,-0.00115381,-2.52498e+31
-2.7998e+31,-0.00120187,-2.7997e+31
-3.1452e+30,0.00540928,-3.14509e+30
-6.00468e+30,0.000841749,-6.00447e+30
-6.16672e+30,0.000758905,-6.1665e+30
-2.25195e+30,0.0120244,-2.25188e+30
-3.09911e+30,0.00563056,-3.099e+30
-3.1452e+30,0.00540928,-3.14509e+30
-1.78848e+30,0.0222152,-1.78842e+30
-2.23964e+30,0.0118415,-2.23957e+30
-2.25195e+30,0.0120244,-2.25188e+30
-1.35286e+30,-0.0102034,-1.35281e+30
-1.80869e+30,0.0230818,-1.80863e+30
-1.78848e+30,0.0222152,-1.78842e+30
-1.71935e+30,-0.00477243,-1.71929e+30
-1.34886e+30,-0.0104889,-1.34881e+30
-1.35286e+30,-0.0102034,-1.35281e+30
-3.09982e+30,-0.000516308,-3.09971e+30
-1.70995e+30,-0.00470449,-1.70989e+30
-1.71935e+30,-0.00477243,-1.71929e+30
-7.04418e+30,0.00333941,-7.04393e+30
-3.04229e+30,-0.000657264,-3.04218e+30
-3.09982e+30,-0.000516308,-3.09971e+30
-3.44038e+31,0.00561036,-3.44026e+31
-6.86759e+30,0.0032675,-6.86735e+30
-7.04418e+30,0.00333941,-7.04393e+30
0,0,0
-3.15292e+31,0.00555073,-3.15281e+31
-3.44038e+31,0.00561036,-3.44026e+31
0,0,0
0,0,0
0,0,0
0,0,0
0,0,0
0,0,0
0,0,0
0,0,0
0,0,0
0,0,0
0,0,0
0,0,0
0,0,0
0,0,0
0,0,0
0,0,0
0,0,0
0,0,0
0,0,0
0,0,0
0,0,0
0,0,0
0,0,0
0,0,0
0,0,0
0,0,0
0,0,0
0,0,0
0,0,0
0,0,0
0,0,0
0,0,0
0,0,0
-3.32153e+31,-0.00127079,-3.32141e+31
0,0,0
0,0,0
-6.42374e+30,0.000632275,-6.42351e+30
-2.7998e+31,-0.00120187,-2.7997e+31
-3.32153e+31,-0.00127079,-3.32141e+31
-3.22041e+30,0.00507186,-3.2203e+30
-6.16672e+30,0.000758905,-6.1665e+30
-6.42374e+30,0.000632275,-6.42351e+30
-2.27069e+30,0.0122582,-2.27061e+30
-3.1452e+30,0.00540928,-3.14509e+30
-3.22041e+30,0.00507186,-3.2203e+30
-1.75893e+30,0.0208963,-1.75887e+30
-2.25195e+30,0.0120244,-2.25188e+30
-2.27069e+30,0.0122582,-2.27061e+30
-1.35989e+30,-0.00972544,-1.35984e+30
-1.78848e+30,0.0222152,-1.78842e+30
-1.75893e+30,0.0208963,-1.75887e+30
-1.73561e+30,-0.00486163,-1.73555e+30
-1.35286e+30,-0.0102034,-1.35281e+30
-1.35989e+30,-0.00972544,-1.35984e+30
-3.19597e+30,-0.00029267,-3.19586e+30
-1.71935e+30,-0.00477243,-1.71929e+30
-1.73561e+30,-0.00486163,-1.73555e+30
-7.34018e+30,0.00345192,-7.33992e+30
-3.09982e+30,-0.000516308,-3.09971e+30
-3.19597e+30,-0.00029267,-3.19586e+30
-4.00181e+31,0.00570418,-4.00167e+31
-7.04418e+30,0.00333941,-7.04393e+30
-7.34018e+30,0.00345192,-7.33992e+30
0,0,0
-3.44038e+31,0.00561036,-3.44026e+31
-4.00181e+31,0.00570418,-4.00167e+31
0,0,0
0,0,0
0,0,0
0,0,0
0,0,0
0,0,0
0,0,0
0,0,0
0,0,0
0,0,0
0,0,0
0,0,0
0,0,0
0,0,0
0,0,0
0,0,0
0,0,0
0,0,0
0,0,0
0,0,0
0,0,0
0,0,0
0,0,0
0,0,0
0,0,0
0,0,0
0,0,0
0,0,0
0,0,0
0,0,0
0,0,0
0,0,0
0,0,0
-4.2701e+31,-0.00135145,-4.26995e+31
0,0,0
0,0,0
-6.7753e+30,0.000481022,-6.77506e+30
-3.32153e+31,-0.00127079,-3.32141e+31
-4.2701e+31,-0.00135145,-4.26995e+31
-3.32556e+30,0.00465947,-3.32544e+30
-6.42374e+30,0.000632275,-6.42351e+30
-6.7753e+30,0.000481022,-6.77506e+30
-2.29396e+30,0.0124724,-2.29388e+30
-3.22041e+30,0.00507186,-3.2203e+30
-3.32556e+30,0.00465947,-3.32544e+30
-1.72384e+30,0.0192234,-1.72378e+30
-2.27069e+30,0.0122582,-2.27061e+30
-2.29396e+30,0.0124724,-2.29388e+30
-1.37003e+30,-0.00906497,-1.36998e+30
-1.75893e+30,0.0208963,-1.75887e+30
-1.72384e+30,0.0192234,-1.72378e+30
-1.75917e+30,-0.0049416,-1.75911e+30
-1.35989e+30,-0.00972544,-1.35984e+30
-1.37003e+30,-0.00906497,-1.36998e+30
-3.33007e+30,-4.39035e-06,-3.32996e+30
-1.73561e+30,-0.00486163,-1.73555e+30
-1.75917e+30,-0.0049416,-1.75911e+30
-7.7529e+30,0.00359394,-7.75263e+30
-3.19597e+30,-0.00029267,-3.19586e+30
-3.33007e+30,-4.39035e-06,-3.32996e+30
-4.99596e+31,0.00582161,-4.99579e+31
-7.34018e+30,0.00345192,-7.33992e+30
-7.7529e+30,0.00359394,-7.75263e+30
0,0,0
-4.00181e+31,0.00570418,-4.00167e+31
-4.99596e+31,0.00582161,-4.99579e+31
0,0,0
0,0,0
0,0,0
0,0,0
0,0,0
0,0,0
0,0,0
0,0,0
0,0,0
0,0,0
0,0,0
0,0,0
0,0,0
0,0,0
0,0,0
0,0,0
0,0,0
0,0,0
0,0,0
0,0,0
0,0,0
0,0,0
0,0,0
0,0,0
0,0,0
0,0,0
0,0,0
0,0,0
0,0,0
0,0,0
0,0,0
0,0,0
0,0,0
-6.01894e+31,-0.00143433,-6.01873e+31
0,0,0
0,0,0
-7.20079e+30,0.000323016,-7.20054e+30
-4.2701e+31,-0.00135145,-4.26995e+31
-6.01894e+31,-0.00143433,-6.01873e+31
-3.45434e+30,0.00421314,-3.45422e+30
-6.7753e+30,0.000481022,-6.77506e+30
-7.20079e+30,0.000323016,-7.20054e+30
-2.31906e+30,0.012592,-2.31898e+30
-3.32556e+30,0.00465947,-3.32544e+30
-3.45434e+30,0.00421314,-3.45422e+30
-1.68871e+30,0.0174029,-1.68865e+30
-2.29396e+30,0.0124724,-2.29388e+30
-2.31906e+30,0.012592,-2.31898e+30
-1.38261e+30,-0.00828152,-1.38256e+30
-1.72384e+30,0.0192234,-1.72378e+30
-1.68871e+30,0.0174029,-1.68865e+30
-1.78898e+30,-0.00498128,-1.78892e+30
-1.37003e+30,-0.00906497,-1.36998e+30
-1.38261e+30,-0.00828152,-1.38256e+30
-3.49305e+30,0.000312557,-3.49293e+30
-1.75917e+30,-0.0049416,-1.75911e+30
-1.78898e+30,-0.00498128,-1.78892e+30
-8.25316e+30,0.00374677,-8.25287e+30
-3.33007e+30,-4.39035e-06,-3.32996e+30
-3.49305e+30,0.000312557,-3.49293e+30
-6.70556e+31,0.00594695,-6.70533e+31
-7.7529e+30,0.00359394,-7.75263e+30
-8.25316e+30,0.00374677,-8.25287e+30
0,0,0
-4.99596e+31,0.00582161,-4.99579e+31
-6.70556e+31,0.00594695,-6.70533e+31
0,0,0
0,0,0
0,0,0
0,0,0
0,0,0
0,0,0
0,0,0
0,0,0
0,0,0
0,0,0
0,0,0
0,0,0
0,0,0
0,0,0
0,0,0
0,0,0
0,0,0
0,0,0
0,0,0
0,0,0
0,0,0
0,0,0
0,0,0
0,0,0
0,0,0
0,0,0
0,0,0
0,0,0
0,0,0
0,0,0
0,0,0
0,0,0
0,0,0
-9.27016e+31,-0.00150127,-9.26984e+31
0,0,0
0,0,0
-7.63702e+30,0.000186185,-7.63675e+30
-6.01894e+31,-0.00143433,-6.01873e+31
-9.27016e+31,-0.00150127,-9.26984e+31
-3.58792e+30,0.00381782,-3.58779e+30
-7.20079e+30,0.000323016,-7.20054e+30
-7.63702e+30,0.000186185,-7.63675e+30
-2.3419e+30,0.012586,-2.34182e+30
-3.45434e+30,0.00421314,-3.45422e+30
-3.58792e+30,0.00381782,-3.58779e+30
-1.65958e+30,0.0157402,-1.65952e+30
-2.31906e+30,0.012592,-2.31898e+30
-2.3419e+30,0.012586,-2.34182e+30
-1.39563e+30,-0.00750872,-1.39558e+30
-1.68871e+30,0.0174029,-1.68865e+30
-1.65958e+30,0.0157402,-1.65952e+30
-1.82059e+30,-0.00497014,-1.82052e+30
-1.38261e+30,-0.00828152,-1.38256e+30
-1.39563e+30,-0.00750872,-1.39558e+30
-3.66012e+30,0.000604706,-3.66e+30
-1.78898e+30,-0.00498128,-1.78892e+30
-1.82059e+30,-0.00497014,-1.82052e+30
-8.76469e+30,0.00388473,-8.76439e+30
-3.49305e+30,0.000312557,-3.49293e+30
-3.66012e+30,0.000604706,-3.66e+30
-9.4946e+31,0.00605931,-9.49427e+31
-8.25316e+30,0.00374677,-8.25287e+30
-8.76469e+30,0.00388473,-8.76439e+30
0,0,0
-6.70556e+31,0.00594695,-6.70533e+31
-9.4946e+31,0.00605931,-9.49427e+31
0,0,0
0,0,0
0,0,0
0,0,0
0,0,0
0,0,0
0,0,0
0,0,0
0,0,0
0,0,0
0,0,0
0,0,0
0,0,0
0,0,0
0,0,0
0,0,0
0,0,0
0,0,0
0,0,0
0,0,0
0,0,0
0,0,0
0,0,0
0,0,0
0,0,0
0,0,0
0,0,0
0,0,0
0,0,0
0,0,0
0,0,0
0,0,0
0,0,0
-1.45101e+32,-0.00154845,-1.45096e+32
0,0,0
0,0,0
-7.97756e+30,8.95885e-05,-7.97729e+30
-9.27016e+31,-0.00150127,-9.26984e+31
-1.45101e+32,-0.00154845,-1.45096e+32
-3.69307e+30,0.00354327,-3.69294e+30
-7.63702e+30,0.000186185,-7.63675e+30
-7.97756e+30,8.95885e-05,-7.97729e+30
-2.35934e+30,0.0125221,-2.35926e+30
-3.58792e+30,0.00381782,-3.58779e+30
-3.69307e+30,0.00354327,-3.69294e+30
-1.64095e+30,0.0145708,-1.64089e+30
-2.3419e+30,0.012586,-2.34182e+30
-2.35934e+30,0.0125221,-2.35926e+30
-1.40566e+30,-0.00693109,-1.40562e+30
-1.65958e+30,0.0157402,-1.65952e+30
-1.64095e+30,0.0145708,-1.64089e+30
-1.84575e+30,-0.00493269,-1.84568e+30
-1.39563e+30,-0.00750872,-1.39558e+30
-1.40566e+30,-0.00693109,-1.40562e+30
-3.79027e+30,0.00081204,-3.79014e+30
-1.82059e+30,-0.00497014,-1.82052e+30
-1.84575e+30,-0.00493269,-1.84568e+30
-9.16201e+30,0.00398112,-9.16169e+30
-3.66012e+30,0.000604706,-3.66e+30
-3.79027e+30,0.00081204,-3.79014e+30
-1.3155e+32,0.00613754,-1.31546e+32
-8.76469e+30,0.00388473,-8.76439e+30
-9.16201e+30,0.00398112,-9.16169e+30
0,0,0
-9.4946e+31,0.00605931,-9.49427e+31
-1.3155e+32,0.00613754,-1.31546e+32
0,0,0
0,0,0
0,0,0
0,0,0
0,0,0
0,0,0
0,0,0
0,0,0
0,0,0
0,0,0
0,0,0
0,0,0
0,0,0
0,0,0
0,0,0
0,0,0
0,0,0
0,0,0
0,0,0
0,0,0
0,0,0
0,0,0
0,0,0
0,0,0
0,0,0
0,0,0
0,0,0
0,0,0
0,0,0
0,0,0
0,0,0
0,0,0
0,0,0
-1.80927e+32,-0.00156441,-1.8092e+32
0,0,0
0,0,0
-8.13045e+30,4.87276e-05,-8.13017e+30
-1.45101e+32,-0.00154845,-1.45096e+32
-1.80927e+32,-0.00156441,-1.8092e+32
-3.73331e+30,0.00344534,-3.73318e+30
-7.97756e+30,8.95885e-05,-7.97729e+30
-8.13045e+30,4.87276e-05,-8.13017e+30
-2.36558e+30,0.0124831,-2.3655e+30
-3.69307e+30,0.00354327,-3.69294e+30
-3.73331e+30,0.00344534,-3.73318e+30
-1.63462e+30,0.0141495,-1.63456e+30
-2.35934e+30,0.0125221,-2.35926e+30
-2.36558e+30,0.0124831,-2.3655e+30
-1.40945e+30,-0.00671604,-1.40941e+30
-1.64095e+30,0.0145708,-1.64089e+30
-1.63462e+30,0.0141495,-1.63456e+30
-1.85548e+30,-0.00491313,-1.85542e+30
-1.40566e+30,-0.00693109,-1.40562e+30
-1.40945e+30,-0.00671604,-1.40941e+30
-3.84014e+30,0.000887116,-3.84001e+30
-1.84575e+30,-0.00493269,-1.84568e+30
-1.85548e+30,-0.00491313,-1.85542e+30
-9.31392e+30,0.00401582,-9.3136e+30
-3.79027e+30,0.00081204,-3.79014e+30
-3.84014e+30,0.000887116,-3.84001e+30
-1.52086e+32,0.00616571,-1.52081e+32
-9.16201e+30,0.00398112,-9.16169e+30
-9.31392e+30,0.00401582,-9.3136e+30
0,0,0
-1.3155e+32,0.00613754,-1.31546e+32
-1.52086e+32,0.00616571,-1.52081e+32
0,0,0
0,0,0
0,0,0
0,0,0
0,0,0
0,0,0
0,0,0
0,0,0
0,0,0
0,0,0
0,0,0
0,0,0
0,0,0
0,0,0
0,0,0
0,0,0
0,0,0
0,0,0
0,0,0
0,0,0
0,0,0
0,0,0
0,0,0
0,0,0
0,0,0
0,0,0
0,0,0
0,0,0
0,0,0
0,0,0
0,0,0
0,0,0
0,0,0
-1.45103e+32,-0.00154785,-1.45098e+32
0,0,0
0,0,0
-7.97757e+30,8.95579e-05,-7.9773e+30
-1.80927e+32,-0.00156441,-1.8092e+32
-1.45103e+32,-0.00154785,-1.45098e+32
-3.69307e+30,0.00354327,-3.69294e+30
-8.13045e+30,4.87276e-05,-8.13017e+30
-7.97757e+30,8.95579e-05,-7.9773e+30
-2.35934e+30,0.0125221,-2.35926e+30
-3.73331e+30,0.00344534,-3.73318e+30
-3.69307e+30,0.00354327,-3.69294e+30
-1.64095e+30,0.0145708,-1.64089e+30
-2.36558e+30,0.0124831,-2.3655e+30
-2.35934e+30,0.0125221,-2.35926e+30
-1.40566e+30,-0.00693109,-1.40562e+30
-1.63462e+30,0.0141495,-1.63456e+30
-1.64095e+30,0.0145708,-1.64089e+30
-1.84574e+30,-0.00493261,-1.84568e+30
-1.40945e+30,-0.00671604,-1.40941e+30
-1.40566e+30,-0.00693109,-1.40562e+30
-3.79027e+30,0.00081204,-3.79014e+30
-1.85548e+30,-0.00491313,-1.85542e+30
-1.84574e+30,-0.00493261,-1.84568e+30
-9.162e+30,0.00398114,-9.16169e+30
-3.84014e+30,0.000887116,-3.84001e+30
-3.79027e+30,0.00081204,-3.79014e+30
-1.31549e+32,0.00613755,-1.31544e+32
-9.31392e+30,0.00401582,-9.3136e+30
-9.162e+30,0.00398114,-9.16169e+30
0,0,0
-1.52086e+32,0.00616571,-1.52081e+32
-1.31549e+32,0.00613755,-1.31544e+32
0,0,0
0,0,0
0,0,0
0,0,0
0,0,0
0,0,0
0,0,0
0,0,0
0,0,0
0,0,0
0,0,0
0,0,0
0,0,0
0,0,0
0,0,0
0,0,0
0,0,0
0,0,0
0,0,0
0,0,0
0,0,0
0,0,0
0,0,0
0,0,0
0,0,0
0,0,0
0,0,0
0,0,0
0,0,0
0,0,0
0,0,0
0,0,0
0,0,0
-9.27024e+31,-0.0015021,-9.26991e+31
0,0,0
0,0,0
-7.63702e+30,0.000186191,-7.63675e+30
-1.45103e+32,-0.00154785,-1.45098e+32
-9.27024e+31,-0.0015021,-9.26991e+31
-3.58792e+30,0.00381782,-3.58779e+30
-7.97757e+30,8.95579e-05,-7.9773e+30
-7.63702e+30,0.000186191,-7.63675e+30
-2.3419e+30,0.012586,-2.34182e+30
-3.69307e+30,0.00354327,-3.69294e+30
-3.58792e+30,0.00381782,-3.58779e+30
-1.65958e+30,0.0157401,-1.65952e+30
-2.35934e+30,0.0125221,-2.35926e+30
-2.3419e+30,0.012586,-2.34182e+30
-1.39563e+30,-0.00750872,-1.39558e+30
-1.64095e+30,0.0145708,-1.64089e+30
-1.65958e+30,0.0157401,-1.65952e+30
-1.82059e+30,-0.00497014,-1.82052e+30
-1.40566e+30,-0.00693109,-1.40562e+30
-1.39563e+30,-0.00750872,-1.39558e+30
-3.66012e+30,0.000604706,-3.66e+30
-1.84574e+30,-0.00493261,-1.84568e+30
-1.82059e+30,-0.00497014,-1.82052e+30
-8.76469e+30,0.00388469,-8.76439e+30
-3.79027e+30,0.00081204,-3.79014e+30
-3.66012e+30,0.000604706,-3.66e+30
-9.49451e+31,0.00605928,-9.49418e+31
-9.162e+30,0.00398114,-9.16169e+30
-8.76469e+30,0.00388469,-8.76439e+30
0,0,0
-1.31549e+32,0.00613755,-1.31544e+32
-9.49451e+31,0.00605928,-9.49418e+31
0,0,0
0,0,0
0,0,0
0,0,0
0,0,0
0,0,0
0,0,0
0,0,0
0,0,0
0,0,0
0,0,0
0,0,0
0,0,0
0,0,0
0,0,0
0,0,0
0,0,0
0,0,0
0,0,0
0,0,0
0,0,0
0,0,0
0,0,0
0,0,0
0,0,0
0,0,0
0,0,0
0,0,0
0,0,0
0,0,0
0,0,0
0,0,0
0,0,0
-6.01897e+31,-0.00143396,-6.01876e+31
0,0,0
0,0,0
-7.20079e+30,0.000323023,-7.20054e+30
-9.27024e+31,-0.0015021,-9.26991e+31
-6.01897e+31,-0.00143396,-6.01876e+31
-3.45434e+30,0.00421316,-3.45422e+30
-7.63702e+30,0.000186191,-7.63675e+30
-7.20079e+30,0.000323023,-7.20054e+30
-2.31906e+30,0.012592,-2.31898e+30
-3.58792e+30,0.00381782,-3.58779e+30
-3.45434e+30,0.00421316,-3.45422e+30
-1.68871e+30,0.0174029,-1.68865e+30
-2.3419e+30,0.012586,-2.34182e+30
-2.31906e+30,0.012592,-2.31898e+30
-1.38261e+30,-0.00828152,-1.38256e+30
-1.65958e+30,0.0157401,-1.65952e+30
-1.68871e+30,0.0174029,-1.68865e+30
-1.78898e+30,-0.00498134,-1.78892e+30
-1.39563e+30,-0.00750872,-1.39558e+30
-1.38261e+30,-0.00828152,-1.38256e+30
-3.49305e+30,0.000312557,-3.49293e+30
-1.82059e+30,-0.00497014,-1.82052e+30
-1.78898e+30,-0.00498134,-1.78892e+30
-8.25316e+30,0.00374677,-8.25287e+30
-3.66012e+30,0.000604706,-3.66e+30
-3.49305e+30,0.000312557,-3.49293e+30
-6.70552e+31,0.00594694,-6.70529e+31
-8.76469e+30,0.00388469,-8.76439e+30
-8.25316e+30,0.00374677,-8.25287e+30
0,0,0
-9.49451e+31,0.00605928,-9.49418e+31
-6.70552e+31,0.00594694,-6.70529e+31
0,0,0
0,0,0
0,0,0
0,0,0
0,0,0
0,0,0
0,0,0
0,0,0
0,0,0
0,0,0
0,0,0
0,0,0
0,0,0
0,0,0
0,0,0
0,0,0
0,0,0
0,0,0
0,0,0
0,0,0
0,0,0
0,0,0
0,0,0
0,0,0
0,0,0
0,0,0
0,0,0
0,0,0
0,0,0
0,0,0
0,0,0
0,0,0
0,0,0
-4.27012e+31,-0.00135171,-4.26997e+31
0,0,0
0,0,0
-6.77531e+30,0.00048018,-6.77507e+30
-6.01897e+31,-0.00143396,-6.01876e+31
-4.27012e+31,-0.00135171,-4.26997e+31
-3.32556e+30,0.00465947,-3.32544e+30
-7.20079e+30,0.000323023,-7.20054e+30
-6.77531e+30,0.00048018,-6.77507e+30
-2.29396e+30,0.0124724,-2.29388e+30
-3.45434e+30,0.00421316,-3.45422e+30
-3.32556e+30,0.00465947,-3.32544e+30
-1.72384e+30,0.0192234,-1.72378e+30
-2.31906e+30,0.012592,-2.31898e+30
-2.29396e+30,0.0124724,-2.29388e+30
-1.37003e+30,-0.00906486,-1.36998e+30
-1.68871e+30,0.0174029,-1.68865e+30
-1.72384e+30,0.0192234,-1.72378e+30
-1.75917e+30,-0.00494157,-1.75911e+30
-1.38261e+30,-0.00828152,-1.38256e+30
-1.37003e+30,-0.00906486,-1.36998e+30
-3.33007e+30,-4.39035e-06,-3.32996e+30
-1.78898e+30,-0.00498134,-1.78892e+30
-1.75917e+30,-0.00494157,-1.75911e+30
-7.7529e+30,0.00359394,-7.75263e+30
-3.49305e+30,0.000312557,-3.49293e+30
-3.33007e+30,-4.39035e-06,-3.32996e+30
-4.99594e+31,0.00582156,-4.99577e+31
-8.25316e+30,0.00374677,-8.25287e+30
-7.7529e+30,0.00359394,-7.75263e+30
0,0,0
-6.70552e+31,0.00594694,-6.70529e+31
-4.99594e+31,0.00582156,-4.99577e+31
0,0,0
0,0,0
0,0,0
0,0,0
0,0,0
0,0,0
0,0,0
0,0,0
0,0,0
0,0,0
0,0,0
0,0,0
0,0,0
0,0,0
0,0,0
0,0,0
0,0,0
0,0,0
0,0,0
0,0,0
0,0,0
0,0,0
0,0,0
0,0,0
0,0,0
0,0,0
0,0,0
0,0,0
0,0,0
0,0,0
0,0,0
0,0,0
0,0,0
-3.32154e+31,-0.00127099,-3.32142e+31
0,0,0
0,0,0
-6.42374e+30,0.000632292,-6.42352e+30
-4.27012e+31,-0.00135171,-4.26997e+31
-3.32154e+31,-0.00127099,-3.32142e+31
-3.22041e+30,0.00507186,-3.2203e+30
-6.77531e+30,0.00048018,-6.77507e+30
-6.42374e+30,0.000632292,-6.42352e+30
-2.27069e+30,0.0122582,-2.27061e+30
-3.32556e+30,0.00465947,-3.32544e+30
-3.22041e+30,0.00507186,-3.2203e+30
-1.75893e+30,0.0208963,-1.75887e+30
-2.29396e+30,0.0124724,-2.29388e+30
-2.27069e+30,0.0122582,-2.27061e+30
-1.35989e+30,-0.00972544,-1.35984e+30
-1.72384e+30,0.0192234,-1.72378e+30
-1.75893e+30,0.0208963,-1.75887e+30
-1.73561e+30,-0.00486163,-1.73555e+30
-1.37003e+30,-0.00906486,-1.36998e+30
-1.35989e+30,-0.00972544,-1.35984e+30
-3.19597e+30,-0.00029267,-3.19586e+30
-1.75917e+30,-0.00494157,-1.75911e+30
-1.73561e+30,-0.00486163,-1.73555e+30
-7.34018e+30,0.00345192,-7.33992e+30
-3.33007e+30,-4.39035e-06,-3.32996e+30
-3.19597e+30,-0.00029267,-3.19586e+30
-4.00179e+31,0.00570416,-4.00165e+31
-7.7529e+30,0.00359394,-7.75263e+30
-7.34018e+30,0.00345192,-7.33992e+30
0,0,0
-4.99594e+31,0.00582156,-4.99577e+31
-4.00179e+31,0.00570416,-4.00165e+31
0,0,0
0,0,0
0,0,0
0,0,0
0,0,0
0,0,0
0,0,0
0,0,0
0,0,0
0,0,0
0,0,0
0,0,0
0,0,0
0,0,0
0,0,0
0,0,0
0,0,0
0,0,0
0,0,0
0,0,0
0,0,0
0,0,0
0,0,0
0,0,0
0,0,0
0,0,0
0,0,0
0,0,0
0,0,0
0,0,0
0,0,0
0,0,0
0,0,0
-2.7998e+31,-0.00120186,-2.79971e+31
0,0,0
0,0,0
-6.16672e+30,0.000758905,-6.1665e+30
-3.32154e+31,-0.00127099,-3.32142e+31
-2.7998e+31,-0.00120186,-2.79971e+31
-3.1452e+30,0.00540928,-3.14509e+30
-6.42374e+30,0.000632292,-6.42352e+30
-6.16672e+30,0.000758905,-6.1665e+30
-2.25195e+30,0.0120244,-2.25188e+30
-3.22041e+30,0.00507186,-3.2203e+30
-3.1452e+30,0.00540928,-3.14509e+30
-1.78848e+30,0.0222152,-1.78842e+30
-2.27069e+30,0.0122582,-2.27061e+30
-2.25195e+30,0.0120244,-2.25188e+30
-1.35286e+30,-0.0102034,-1.35281e+30
-1.75893e+30,0.0208963,-1.75887e+30
-1.78848e+30,0.0222152,-1.78842e+30
-1.71935e+30,-0.00477243,-1.71929e+30
-1.35989e+30,-0.00972544,-1.35984e+30
-1.35286e+30,-0.0102034,-1.35281e+30
-3.09982e+30,-0.000516319,-3.09971e+30
-1.73561e+30,-0.00486163,-1.73555e+30
-1.71935e+30,-0.00477243,-1.71929e+30
-7.04418e+30,0.00333941,-7.04393e+30
-3.19597e+30,-0.00029267,-3.19586e+30
-3.09982e+30,-0.000516319,-3.09971e+30
-3.44036e+31,0.00561042,-3.44024e+31
-7.34018e+30,0.00345192,-7.33992e+30
-7.04418e+30,0.00333941,-7.04393e+30
0,0,0
-4.00179e+31,0.00570416,-4.00165e+31
-3.44036e+31,0.00561042,-3.44024e+31
0,0,0
0,0,0
0,0,0
0,0,0
0,0,0
0,0,0
0,0,0
0,0,0
0,0,0
0,0,0
0,0,0
0,0,0
0,0,0
0,0,0
0,0,0
0,0,0
0,0,0
0,0,0
0,0,0
0,0,0
0,0,0
0,0,0
0,0,0
0,0,0
0,0,0
0,0,0
0,0,0
0,0,0
0,0,0
0,0,0
0,0,0
0,0,0
0,0,0
-2.52507e+31,-0.00115382,-2.52498e+31
0,0,0
0,0,0
-6.00468e+30,0.000841752,-6.00447e+30
-2.7998e+31,-0.00120186,-2.79971e+31
-2.52507e+31,-0.00115382,-2.52498e+31
-3.09911e+30,0.00563056,-3.099e+30
-6.16672e+30,0.000758905,-6.1665e+30
-6.00468e+30,0.000841752,-6.00447e+30
-2.23964e+30,0.0118416,-2.23957e+30
-3.1452e+30,0.00540928,-3.14509e+30
-3.09911e+30,0.00563056,-3.099e+30
-1.80869e+30,0.0230818,-1.80863e+30
-2.25195e+30,0.0120244,-2.25188e+30
-2.23964e+30,0.0118416,-2.23957e+30
-1.34886e+30,-0.0104889,-1.34881e+30
-1.78848e+30,0.0222152,-1.78842e+30
-1.80869e+30,0.0230818,-1.80863e+30
-1.70995e+30,-0.00470449,-1.70989e+30
-1.35286e+30,-0.0102034,-1.35281e+30
-1.34886e+30,-0.0104889,-1.34881e+30
-3.04229e+30,-0.000657255,-3.04219e+30
-1.71935e+30,-0.00477243,-1.71929e+30
-1.70995e+30,-0.00470449,-1.70989e+30
-6.86759e+30,0.0032675,-6.86735e+30
-3.09982e+30,-0.000516319,-3.09971e+30
-3.04229e+30,-0.000657255,-3.04219e+30
-3.15291e+31,0.00555069,-3.1528e+31
-7.04418e+30,0.00333941,-7.04393e+30
-6.86759e+30,0.0032675,-6.86735e+30
0,0,0
-3.44036e+31,0.00561042,-3.44024e+31
-3.15291e+31,0.00555069,-3.1528e+31
0,0,0
0,0,0
0,0,0
0,0,0
0,0,0
0,0,0
0,0,0
0,0,0
0,0,0
0,0,0
0,0,0
0,0,0
0,0,0
0,0,0
0,0,0
0,0,0
0,0,0
0,0,0
0,0,0
0,0,0
0,0,0
0,0,0
0,0,0
0,0,0
0,0,0
0,0,0
0,0,0
0,0,0
0,0,0
0,0,0
0,0,0
0,0,0
0,0,0
-2.41455e+31,-0.00113057,-2.41447e+31
0,0,0
0,0,0
-5.93492e+30,0.000881848,-5.93471e+30
-2.52507e+31,-0.00115382,-2.52498e+31
-2.41455e+31,-0.00113057,-2.41447e+31
-3.07923e+30,0.00573192,-3.07912e+30
-6.00468e+30,0.000841752,-6.00447e+30
-5.93492e+30,0.000881848,-5.93471e+30
-2.23372e+30,0.011752,-2.23364e+30
-3.09911e+30,0.00563056,-3.099e+30
-3.07923e+30,0.00573192,-3.07912e+30
-1.81789e+30,0.0234674,-1.81783e+30
-2.23964e+30,0.0118416,-2.23957e+30
-2.23372e+30,0.011752,-2.23364e+30
-1.34744e+30,-0.0105894,-1.3474e+30
-1.80869e+30,0.0230818,-1.80863e+30
-1.81789e+30,0.0234674,-1.81783e+30
-1.70652e+30,-0.00467647,-1.70646e+30
-1.34886e+30,-0.0104889,-1.34881e+30
-1.34744e+30,-0.0105894,-1.3474e+30
-3.02154e+30,-0.000709845,-3.02144e+30
-1.70995e+30,-0.00470449,-1.70989e+30
-1.70652e+30,-0.00467647,-1.70646e+30
-6.80526e+30,0.00324116,-6.80503e+30
-3.04229e+30,-0.000657255,-3.04219e+30
-3.02154e+30,-0.000709845,-3.02144e+30
-3.06197e+31,0.00552975,-3.06187e+31
-6.86759e+30,0.0032675,-6.86735e+30
-6.80526e+30,0.00324116,-6.80503e+30
0,0,0
-3.15291e+31,0.00555069,-3.1528e+31
-3.06197e+31,0.00552975,-3.06187e+31
0,0,0
0,0,0
0,0,0
0,0,0
0,0,0
0,0,0
0,0,0
0,0,0
0,0,0
0,0,0
0,0,0
0,0,0
0,0,0
0,0,0
0,0,0
0,0,0
0,0,0
0,0,0
0,0,0
0,0,0
0,0,0
0,0,0
0,0,0
0,0,0
0,0,0
0,0,0
0,0,0
0,0,0
0,0,0
0,0,0
0,0,0
0,0,0
0,0,0
-2.43673e+31,-0.00113653,-2.43664e+31
0,0,0
0,0,0
-5.95442e+30,0.000872093,-5.95422e+30
-2.41455e+31,-0.00113057,-2.41447e+31
-2.43673e+31,-0.00113653,-2.43664e+31
-3.08427e+30,0.00570439,-3.08416e+30
-5.93492e+30,0.000881848,-5.93471e+30
-5.95442e+30,0.000872093,-5.95422e+30
-2.23524e+30,0.0117765,-2.23517e+30
-3.07923e+30,0.00573192,-3.07912e+30
-3.08427e+30,0.00570439,-3.08416e+30
-1.81558e+30,0.0233714,-1.81551e+30
-2.23372e+30,0.011752,-2.23364e+30
-2.23524e+30,0.0117765,-2.23517e+30
-1.3485e+30,-0.0105142,-1.34845e+30
-1.81789e+30,0.0234674,-1.81783e+30
-1.81558e+30,0.0233714,-1.81551e+30
-1.70883e+30,-0.00469548,-1.70878e+30
-1.34744e+30,-0.0105894,-1.3474e+30
-1.3485e+30,-0.0105142,-1.34845e+30
-3.03613e+30,-0.00067281,-3.03602e+30
-1.70652e+30,-0.00467647,-1.70646e+30
-1.70883e+30,-0.00469548,-1.70878e+30
-6.85365e+30,0.00326162,-6.85341e+30
-3.02154e+30,-0.000709845,-3.02144e+30
-3.03613e+30,-0.00067281,-3.03602e+30
-3.14393e+31,0.00554887,-3.14382e+31
-6.80526e+30,0.00324116,-6.80503e+30
-6.85365e+30,0.00326162,-6.85341e+30
0,0,0
-3.06197e+31,0.00552975,-3.06187e+31
-3.14393e+31,0.00554887,-3.14382e+31
0,0,0
0,0,0
0,0,0
0,0,0
0,0,0
0,0,0
0,0,0
0,0,0
0,0,0
0,0,0
0,0,0
0,0,0
0,0,0
0,0,0
0,0,0
0,0,0
0,0,0
0,0,0
0,0,0
0,0,0
0,0,0
0,0,0
0,0,0
0,0,0
0,0,0
0,0,0
0,0,0
0,0,0
0,0,0
0,0,0
0,0,0
0,0,0
0,0,0
-2.5958e+31,-0.00116716,-2.59571e+31
0,0,0
0,0,0
-6.05383e+30,0.000815635,-6.05362e+30
-2.43673e+31,-0.00113653,-2.43664e+31
-2.5958e+31,-0.00116716,-2.59571e+31
-3.11479e+30,0.00555593,-3.11468e+30
-5.95442e+30,0.000872093,-5.95422e+30
-6.05383e+30,0.000815635,-6.05362e+30
-2.24369e+30,0.0119093,-2.24361e+30
-3.08427e+30,0.00570439,-3.08416e+30
-3.11479e+30,0.00555593,-3.11468e+30
-1.80203e+30,0.0227998,-1.80196e+30
-2.23524e+30,0.0117765,-2.23517e+30
-2.24369e+30,0.0119093,-2.24361e+30
-1.35208e+30,-0.0102589,-1.35204e+30
-1.81558e+30,0.0233714,-1.81551e+30
-1.80203e+30,0.0227998,-1.80196e+30
-1.71691e+30,-0.00475606,-1.71685e+30
-1.3485e+30,-0.0105142,-1.34845e+30
-1.35208e+30,-0.0102589,-1.35204e+30
-3.08674e+30,-0.000547875,-3.08663e+30
-1.70883e+30,-0.00469548,-1.70878e+30
-1.71691e+30,-0.00475606,-1.71685e+30
-7.0154e+30,0.00332795,-7.01516e+30
-3.03613e+30,-0.00067281,-3.03602e+30
-3.08674e+30,-0.000547875,-3.08663e+30
-3.4199e+31,0.00560651,-3.41978e+31
-6.85365e+30,0.00326162,-6.85341e+30
-7.0154e+30,0.00332795,-7.01516e+30
0,0,0
-3.14393e+31,0.00554887,-3.14382e+31
-3.4199e+31,0.00560651,-3.41978e+31
0,0,0
0,0,0
0,0,0
0,0,0
0,0,0
0,0,0
0,0,0
0,0,0
0,0,0
0,0,0
0,0,0
0,0,0
0,0,0
0,0,0
0,0,0
0,0,0
0,0,0
0,0,0
0,0,0
0,0,0
0,0,0
0,0,0
0,0,0
0,0,0
0,0,0
0,0,0
0,0,0
0,0,0
0,0,0
0,0,0
0,0,0
0,0,0
0,0,0
-2.92717e+31,-0.00122027,-2.92707e+31
0,0,0
0,0,0
-6.24245e+30,0.000718199,-6.24223e+30
-2.5958e+31,-0.00116716,-2.59571e+31
-2.92717e+31,-0.00122027,-2.92707e+31
-3.17026e+30,0.0052929,-3.17015e+30
-6.05383e+30,0.000815635,-6.05362e+30
-6.24245e+30,0.000718199,-6.24223e+30
-2.25875e+30,0.0121172,-2.25867e+30
-3.11479e+30,0.00555593,-3.11468e+30
-3.17026e+30,0.0052929,-3.17015e+30
-1.77864e+30,0.0217835,-1.77858e+30
-2.24369e+30,0.0119093,-2.24361e+30
-2.25875e+30,0.0121172,-2.25867e+30
-1.35844e+30,-0.00982158,-1.3584e+30
-1.80203e+30,0.0227998,-1.80196e+30
-1.77864e+30,0.0217835,-1.77858e+30
-1.7314e+30,-0.00484154,-1.73134e+30
-1.35208e+30,-0.0102589,-1.35204e+30
-1.35844e+30,-0.00982158,-1.3584e+30
-3.17455e+30,-0.000341275,-3.17444e+30
-1.71691e+30,-0.00475606,-1.71685e+30
-1.7314e+30,-0.00484154,-1.73134e+30
-7.29396e+30,0.00343494,-7.29371e+30
-3.08674e+30,-0.000547875,-3.08663e+30
-3.17455e+30,-0.000341275,-3.17444e+30
-3.9635e+31,0.00569844,-3.96336e+31
-7.0154e+30,0.00332795,-7.01516e+30
-7.29396e+30,0.00343494,-7.29371e+30
0,0,0
-3.4199e+31,0.00560651,-3.41978e+31
-3.9635e+31,0.00569844,-3.96336e+31
0,0,0
0,0,0
0,0,0
0,0,0
0,0,0
0,0,0
0,0,0
0,0,0
0,0,0
0,0,0
0,0,0
0,0,0
0,0,0
0,0,0
0,0,0
0,0,0
0,0,0
0,0,0
0,0,0
0,0,0
0,0,0
0,0,0
0,0,0
0,0,0
0,0,0
0,0,0
0,0,0
0,0,0
0,0,0
0,0,0
0,0,0
0,0,0
0,0,0
-3.50485e+31,-0.00128884,-3.50473e+31
0,0,0
0,0,0
-6.51191e+30,0.000591368,-6.51168e+30
-2.92717e+31,-0.00122027,-2.92707e+31
-3.50485e+31,-0.00128884,-3.50473e+31
-3.25052e+30,0.00494586,-3.25041e+30
-6.24245e+30,0.000718199,-6.24223e+30
-6.51191e+30,0.000591368,-6.51168e+30
-2.27813e+30,0.0123396,-2.27805e+30
-3.17026e+30,0.0052929,-3.17015e+30
-3.25052e+30,0.00494586,-3.25041e+30
-1.74847e+30,0.0204099,-1.74841e+30
-2.25875e+30,0.0121172,-2.25867e+30
-2.27813e+30,0.0123396,-2.27805e+30
-1.36766e+30,-0.00921383,-1.36761e+30
-1.77864e+30,0.0217835,-1.77858e+30
-1.74847e+30,0.0204099,-1.74841e+30
-1.75255e+30,-0.00492435,-1.75249e+30
-1.35844e+30,-0.00982158,-1.3584e+30
-1.36766e+30,-0.00921383,-1.36761e+30
-3.29829e+30,-7.04028e-05,-3.29818e+30
-1.7314e+30,-0.00484154,-1.73134e+30
-1.75255e+30,-0.00492435,-1.75249e+30
-7.68592e+30,0.00357203,-7.68565e+30
-3.17455e+30,-0.000341275,-3.17444e+30
-3.29829e+30,-7.04028e-05,-3.29818e+30
-4.92568e+31,0.0058148,-4.92551e+31
-7.29396e+30,0.00343494,-7.29371e+30
-7.68592e+30,0.00357203,-7.68565e+30
0,0,0
-3.9635e+31,0.00569844,-3.96336e+31
-4.92568e+31,0.0058148,-4.92551e+31
0,0,0
0,0,0
0,0,0
0,0,0
0,0,0
0,0,0
0,0,0
0,0,0
0,0,0
0,0,0
0,0,0
0,0,0
0,0,0
0,0,0
0,0,0
0,0,0
0,0,0
0,0,0
0,0,0
0,0,0
0,0,0
0,0,0
0,0,0
0,0,0
0,0,0
0,0,0
0,0,0
0,0,0
0,0,0
0,0,0
0,0,0
0,0,0
0,0,0
-4.43963e+31,-0.00136252,-4.43948e+31
0,0,0
0,0,0
-6.84286e+30,0.000454313,-6.84262e+30
-3.50485e+31,-0.00128884,-3.50473e+31
-4.43963e+31,-0.00136252,-4.43948e+31
-3.35063e+30,0.00456373,-3.35052e+30
-6.51191e+30,0.000591368,-6.51168e+30
-6.84286e+30,0.000454313,-6.84262e+30
-2.2998e+30,0.0125118,-2.29972e+30
-3.25052e+30,0.00494586,-3.25041e+30
-3.35063e+30,0.00456373,-3.35052e+30
-1.71666e+30,0.0188631,-1.7166e+30
-2.27813e+30,0.0123396,-2.27805e+30
-2.2998e+30,0.0125118,-2.29972e+30
-1.37906e+30,-0.00849806,-1.37901e+30
-1.74847e+30,0.0204099,-1.74841e+30
-1.71666e+30,0.0188631,-1.7166e+30
-1.77919e+30,-0.00497459,-1.77913e+30
-1.36766e+30,-0.00921383,-1.36761e+30
-1.37906e+30,-0.00849806,-1.37901e+30
-3.44883e+30,0.000229719,-3.44871e+30
-1.75255e+30,-0.00492435,-1.75249e+30
-1.77919e+30,-0.00497459,-1.77913e+30
-8.16164e+30,0.00372021,-8.16136e+30
-3.29829e+30,-7.04028e-05,-3.29818e+30
-3.44883e+30,0.000229719,-3.44871e+30
-6.5703e+31,0.00593932,-6.57007e+31
-7.68592e+30,0.00357203,-7.68565e+30
-8.16164e+30,0.00372021,-8.16136e+30
0,0,0
-4.92568e+31,0.0058148,-4.92551e+31
-6.5703e+31,0.00593932,-6.57007e+31
0,0,0
0,0,0
0,0,0
0,0,0
0,0,0
0,0,0
0,0,0
0,0,0
0,0,0
0,0,0
0,0,0
0,0,0
0,0,0
0,0,0
0,0,0
0,0,0
0,0,0
0,0,0
0,0,0
0,0,0
0,0,0
0,0,0
0,0,0
0,0,0
0,0,0
0,0,0
0,0,0
0,0,0
0,0,0
0,0,0
0,0,0
0,0,0
0,0,0
-5.81231e+31,-0.00142632,-5.81211e+31
0,0,0
0,0,0
-7.18059e+30,0.000331356,-7.18034e+30
-4.43963e+31,-0.00136252,-4.43948e+31
-5.81231e+31,-0.00142632,-5.81211e+31
-3.45375e+30,0.00421579,-3.45363e+30
-6.84286e+30,0.000454313,-6.84262e+30
-7.18059e+30,0.000331356,-7.18034e+30
-2.31966e+30,0.0125927,-2.31958e+30
-3.35063e+30,0.00456373,-3.35052e+30
-3.45375e+30,0.00421579,-3.45363e+30
-1.68908e+30,0.0174228,-1.68902e+30
-2.2998e+30,0.0125118,-2.29972e+30
-2.31966e+30,0.0125927,-2.31958e+30
-1.39077e+30,-0.00779404,-1.39073e+30
-1.71666e+30,0.0188631,-1.7166e+30
-1.68908e+30,0.0174228,-1.68902e+30
-1.80719e+30,-0.00498001,-1.80713e+30
-1.37906e+30,-0.00849806,-1.37901e+30
-1.39077e+30,-0.00779404,-1.39073e+30
-3.60271e+30,0.000507456,-3.60258e+30
-1.77919e+30,-0.00497459,-1.77913e+30
-1.80719e+30,-0.00498001,-1.80713e+30
-8.64777e+30,0.00385461,-8.64747e+30
-3.44883e+30,0.000229719,-3.44871e+30
-3.60271e+30,0.000507456,-3.60258e+30
-9.2225e+31,0.00605134,-9.22218e+31
-8.16164e+30,0.00372021,-8.16136e+30
-8.64777e+30,0.00385461,-8.64747e+30
0,0,0
-6.5703e+31,0.00593932,-6.57007e+31
-9.2225e+31,0.00605134,-9.22218e+31
0,0,0
0,0,0
0,0,0
0,0,0
0,0,0
0,0,0
0,0,0
0,0,0
0,0,0
0,0,0
0,0,0
0,0,0
0,0,0
0,0,0
0,0,0
0,0,0
0,0,0
0,0,0
0,0,0
0,0,0
0,0,0
0,0,0
0,0,0
0,0,0
0,0,0
0,0,0
0,0,0
0,0,0
0,0,0
0,0,0
0,0,0
0,0,0
0,0,0
-7.36871e+31,-0.0014687,-7.36846e+31
0,0,0
0,0,0
-7.4412e+30,0.000243478,-7.44094e+30
-5.81231e+31,-0.00142632,-5.81211e+31
-7.36871e+31,-0.0014687,-7.36846e+31
-3.53467e+30,0.00397051,-3.53455e+30
-7.18059e+30,0.000331356,-7.18034e+30
-7.4412e+30,0.000243478,-7.44094e+30
-2.33392e+30,0.0126005,-2.33384e+30
-3.45375e+30,0.00421579,-3.45363e+30
-3.53467e+30,0.00397051,-3.53455e+30
-1.67069e+30,0.0163936,-1.67064e+30
-2.31966e+30,0.0125927,-2.31958e+30
-2.33392e+30,0.0126005,-2.33384e+30
-1.39976e+30,-0.00726878,-1.39971e+30
-1.68908e+30,0.0174228,-1.68902e+30
-1.67069e+30,0.0163936,-1.67064e+30
-1.82955e+30,-0.00495902,-1.82949e+30
-1.39077e+30,-0.00779404,-1.39073e+30
-1.39976e+30,-0.00726878,-1.39971e+30
-3.72198e+30,0.000705171,-3.72185e+30
-1.80719e+30,-0.00498001,-1.80713e+30
-1.82955e+30,-0.00495902,-1.82949e+30
-9.0251e+30,0.00394886,-9.02479e+30
-3.60271e+30,0.000507456,-3.60258e+30
-3.72198e+30,0.000705171,-3.72185e+30
-1.26444e+32,0.00612921,-1.26439e+32
-8.64777e+30,0.00385461,-8.64747e+30
-9.0251e+30,0.00394886,-9.02479e+30
0,0,0
-9.2225e+31,0.00605134,-9.22218e+31
-1.26444e+32,0.00612921,-1.26439e+32
0,0,0
0,0,0
0,0,0
0,0,0
0,0,0
0,0,0
0,0,0
0,0,0
0,0,0
0,0,0
0,0,0
0,0,0
0,0,0
0,0,0
0,0,0
0,0,0
0,0,0
0,0,0
0,0,0
0,0,0
0,0,0
0,0,0
0,0,0
0,0,0
0,0,0
0,0,0
0,0,0
0,0,0
0,0,0
0,0,0
0,0,0
0,0,0
0,0,0
-8.13877e+31,-0.00148411,-8.13849e+31
0,0,0
0,0,0
-7.54139e+30,0.00021354,-7.54113e+30
-7.36871e+31,-0.0014687,-7.36846e+31
-8.13877e+31,-0.00148411,-8.13849e+31
-3.56468e+30,0.00388203,-3.56456e+30
-7.4412e+30,0.000243478,-7.44094e+30
-7.54139e+30,0.00021354,-7.54113e+30
-2.33894e+30,0.0125932,-2.33886e+30
-3.53467e+30,0.00397051,-3.53455e+30
-3.56468e+30,0.00388203,-3.56456e+30
-1.66433e+30,0.0160217,-1.66427e+30
-2.33392e+30,0.0126005,-2.33384e+30
-2.33894e+30,0.0125932,-2.33886e+30
-1.40318e+30,-0.00707412,-1.40313e+30
-1.67069e+30,0.0163936,-1.67064e+30
-1.66433e+30,0.0160217,-1.66427e+30
-1.83812e+30,-0.00494594,-1.83805e+30
-1.39976e+30,-0.00726878,-1.39971e+30
-1.40318e+30,-0.00707412,-1.40313e+30
-3.76764e+30,0.000776883,-3.76751e+30
-1.82955e+30,-0.00495902,-1.82949e+30
-1.83812e+30,-0.00494594,-1.83805e+30
-9.16922e+30,0.00398278,-9.1689e+30
-3.72198e+30,0.000705171,-3.72185e+30
-3.76764e+30,0.000776883,-3.76751e+30
-1.45356e+32,0.00615732,-1.45351e+32
-9.0251e+30,0.00394886,-9.02479e+30
-9.16922e+30,0.00398278,-9.1689e+30
0,0,0
-1.26444e+32,0.00612921,-1.26439e+32
-1.45356e+32,0.00615732,-1.45351e+32
0,0,0
0,0,0
0,0,0
0,0,0
0,0,0
0,0,0
0,0,0
0,0,0
0,0,0
0,0,0
0,0,0
0,0,0
0,0,0
0,0,0
0,0,0
0,0,0
0,0,0
0,0,0
0,0,0
0,0,0
0,0,0
0,0,0
0,0,0
0,0,0
0,0,0
0,0,0
0,0,0
0,0,0
0,0,0
0,0,0
0,0,0
0,0,0
0,0,0
0,0,0
0,0,0
0,0,0
0,0,0
0,0,0
0,0,0
0,0,0
0,0,0
0,0,0
0,0,0
0,0,0
0,0,0
0,0,0
0,0,0
0,0,0
0,0,0
0,0,0
0,0,0
0,0,0
0,0,0
0,0,0
0,0,0
0,0,0
0,0,0
0,0,0
0,0,0
0,0,0
0,0,0
0,0,0
0,0,0
0,0,0
0,0,0
0,0,0
0,0,0
0,0,0
0,0,0
0,0,0
0,0,0
0,0,0
0,0,0
0,0,0
0,0,0
0,0,0
0,0,0
0,0,0
0,0,0
0,0,0
0,0,0
0,0,0
0,0,0
0,0,0
0,0,0
0,0,0
0,0,0
0,0,0
0,0,0
0,0,0
0,0,0
0,0,0
0,0,0
0,0,0
0,0,0
0,0,0
0,0,0
0,0,0
0,0,0
0,0,0
0,0,0
0,0,0
0,0,0
0,0,0
0,0,0
0,0,0
0,0,0
0,0,0
0,0,0
0,0,0
0,0,0
0,0,0
0,0,0
0,0,0
0,0,0
0,0,0
0,0,0
0,0,0
0,0,0
0,0,0
0,0,0
0,0,0
0,0,0
0,0,0
0,0,0
0,0,0
0,0,0
0,0,0
0,0,0
0,0,0
0,0,0
0,0,0
0,0,0
0,0,0
0,0,0
0,0,0
0,0,0
0,0,0
0,0,0
0,0,0
0,0,0
0,0,0
0,0,0
0,0,0
0,0,0
0,0,0
0,0,0
0,0,0
0,0,0
0,0,0
0,0,0
0,0,0
0,0,0
0,0,0
0,0,0
0,0,0
0,0,0
0,0,0
0,0,0
0,0,0
0,0,0
0,0,0
0,0,0
0,0,0
0,0,0
0,0,0
0,0,0
0,0,0
0,0,0
0,0,0
0,0,0
0,0,0
0,0,0
0,0,0
0,0,0
0,0,0
0,0,0
0,0,0
0,0,0
0,0,0
0,0,0
0,0,0
0,0,0
0,0,0
0,0,0
0,0,0
0,0,0
0,0,0
0,0,0
0,0,0
0,0,0
0,0,0
0,0,0
0,0,0
0,0,0
0,0,0
0,0,0
0,0,0
0,0,0
0,0,0
0,0,0
0,0,0
0,0,0
0,0,0
0,0,0
0,0,0
0,0,0
0,0,0
0,0,0
0,0,0
0,0,0
0,0,0
0,0,0
0,0,0
0,0,0
0,0,0
0,0,0
0,0,0
0,0,0
0,0,0
0,0,0
0,0,0
0,0,0
0,0,0
0,0,0
0,0,0
0,0,0
0,0,0
0,0,0
0,0,0
0,0,0
0,0,0
0,0,0
0,0,0
0,0,0
0,0,0
0,0,0
0,0,0
0,0,0
0,0,0
0,0,0
0,0,0
0,0,0
0,0,0
0,0,0
0,0,0
0,0,0
0,0,0
0,0,0
0,0,0
0,0,0
0,0,0
0,0,0
0,0,0
0,0,0
0,0,0
0,0,0
0,0,0
0,0,0
0,0,0
0,0,0
0,0,0
0,0,0
0,0,0
0,0,0
0,0,0
0,0,0
0,0,0
0,0,0
0,0,0
0,0,0
0,0,0
0,0,0
0,0,0
0,0,0
0,0,0
0,0,0
0,0,0
0,0,0
0,0,0
0,0,0
0,0,0
0,0,0
0,0,0
0,0,0
0,0,0
0,0,0
0,0,0
0,0,0
0,0,0
0,0,0
0,0,0
0,0,0
0,0,0
0,0,0
0,0,0
0,0,0
0,0,0
0,0,0
0,0,0
0,0,0
0,0,0
0,0,0
0,0,0
-7.36877e+31,-0.00146877,-7.36851e+31
-8.13877e+31,-0.00148411,-8.13849e+31
-7.36877e+31,-0.00146877,-7.36851e+31
-7.4412e+30,0.000243478,-7.44094e+30
-7.54139e+30,0.00021354,-7.54113e+30
-7.4412e+30,0.000243478,-7.44094e+30
-3.53467e+30,0.00397049,-3.53455e+30
-3.56468e+30,0.00388203,-3.56456e+30
-3.53467e+30,0.00397049,-3.53455e+30
-2.33392e+30,0.0126005,-2.33384e+30
-2.33894e+30,0.0125932,-2.33886e+30
-2.33392e+30,0.0126005,-2.33384e+30
-1.67069e+30,0.0163935,-1.67064e+30
-1.66433e+30,0.0160217,-1.66427e+30
-1.67069e+30,0.0163935,-1.67064e+30
-1.39976e+30,-0.00726878,-1.39971e+30
-1.40318e+30,-0.00707412,-1.40313e+30
-1.39976e+30,-0.00726878,-1.39971e+30
-1.82955e+30,-0.00495907,-1.82949e+30
-1.83812e+30,-0.00494594,-1.83805e+30
-1.82955e+30,-0.00495907,-1.82949e+30
-3.72198e+30,0.000705134,-3.72185e+30
-3.76764e+30,0.000776883,-3.76751e+30
-3.72198e+30,0.000705134,-3.72185e+30
-9.0251e+30,0.00394886,-9.02479e+30
-9.16922e+30,0.00398278,-9.1689e+30
-9.0251e+30,0.00394886,-9.02479e+30
-1.26442e+32,0.00612923,-1.26438e+32
-1.45356e+32,0.00615732,-1.45351e+32
-1.26442e+32,0.00612923,-1.26438e+32
0,0,0
0,0,0
0,0,0
0,0,0
0,0,0
0,0,0
0,0,0
0,0,0
0,0,0
0,0,0
0,0,0
0,0,0
0,0,0
0,0,0
0,0,0
0,0,0
0,0,0
0,0,0
0,0,0
0,0,0
0,0,0
0,0,0
0,0,0
0,0,0
0,0,0
0,0,0
0,0,0
0,0,0
0,0,0
0,0,0
0,0,0
0,0,0
0,0,0
0,0,0
0,0,0
-5.81237e+31,-0.00142579,-5.81217e+31
-7.36877e+31,-0.00146877,-7.36851e+31
0,0,0
-7.18059e+30,0.000331356,-7.18034e+30
-7.4412e+30,0.000243478,-7.44094e+30
-7.36877e+31,-0.00146877,-7.36851e+31
-3.45375e+30,0.00421579,-3.45363e+30
-3.53467e+30,0.00397049,-3.53455e+30
-7.4412e+30,0.000243478,-7.44094e+30
-2.31966e+30,0.0125927,-2.31958e+30
-2.33392e+30,0.0126005,-2.33384e+30
-3.53467e+30,0.00397049,-3.53455e+30
-1.68908e+30,0.0174227,-1.68902e+30
-1.67069e+30,0.0163935,-1.67064e+30
-2.33392e+30,0.0126005,-2.33384e+30
-1.39077e+30,-0.00779398,-1.39073e+30
-1.39976e+30,-0.00726878,-1.39971e+30
-1.67069e+30,0.0163935,-1.67064e+30
-1.80719e+30,-0.00497999,-1.80713e+30
-1.82955e+30,-0.00495907,-1.82949e+30
-1.39976e+30,-0.00726878,-1.39971e+30
-3.60271e+30,0.000507478,-3.60258e+30
-3.72198e+30,0.000705134,-3.72185e+30
-1.82955e+30,-0.00495907,-1.82949e+30
-8.64777e+30,0.00385463,-8.64747e+30
-9.0251e+30,0.00394886,-9.02479e+30
-3.72198e+30,0.000705134,-3.72185e+30
-9.22242e+31,0.00605127,-9.2221e+31
-1.26442e+32,0.00612923,-1.26438e+32
-9.0251e+30,0.00394886,-9.02479e+30
0,0,0
0,0,0
-1.26442e+32,0.00612923,-1.26438e+32
0,0,0
0,0,0
0,0,0
0,0,0
0,0,0
0,0,0
0,0,0
0,0,0
0,0,0
0,0,0
0,0,0
0,0,0
0,0,0
0,0,0
0,0,0
0,0,0
0,0,0
0,0,0
0,0,0
0,0,0
0,0,0
0,0,0
0,0,0
0,0,0
0,0,0
0,0,0
0,0,0
0,0,0
0,0,0
0,0,0
0,0,0
0,0,0
0,0,0
-4.43967e+31,-0.00136315,-4.43952e+31
-5.81237e+31,-0.00142579,-5.81217e+31
0,0,0
-6.84286e+30,0.000454325,-6.84262e+30
-7.18059e+30,0.000331356,-7.18034e+30
-5.81237e+31,-0.00142579,-5.81217e+31
-3.35064e+30,0.00456376,-3.35052e+30
-3.45375e+30,0.00421579,-3.45363e+30
-7.18059e+30,0.000331356,-7.18034e+30
-2.2998e+30,0.0125119,-2.29972e+30
-2.31966e+30,0.0125927,-2.31958e+30
-3.45375e+30,0.00421579,-3.45363e+30
-1.71666e+30,0.0188631,-1.7166e+30
-1.68908e+30,0.0174227,-1.68902e+30
-2.31966e+30,0.0125927,-2.31958e+30
-1.37906e+30,-0.00849804,-1.37901e+30
-1.39077e+30,-0.00779398,-1.39073e+30
-1.68908e+30,0.0174227,-1.68902e+30
-1.77919e+30,-0.00497458,-1.77913e+30
-1.80719e+30,-0.00497999,-1.80713e+30
-1.39077e+30,-0.00779398,-1.39073e+30
-3.44883e+30,0.000229708,-3.44871e+30
-3.60271e+30,0.000507478,-3.60258e+30
-1.80719e+30,-0.00497999,-1.80713e+30
-8.16163e+30,0.0037202,-8.16135e+30
-8.64777e+30,0.00385463,-8.64747e+30
-3.60271e+30,0.000507478,-3.60258e+30
-6.57022e+31,0.00593935,-6.56999e+31
-9.22242e+31,0.00605127,-9.2221e+31
-8.64777e+30,0.00385463,-8.64747e+30
0,0,0
0,0,0
-9.22242e+31,0.00605127,-9.2221e+31
0,0,0
0,0,0
0,0,0
0,0,0
0,0,0
0,0,0
0,0,0
0,0,0
0,0,0
0,0,0
0,0,0
0,0,0
0,0,0
0,0,0
0,0,0
0,0,0
0,0,0
0,0,0
0,0,0
0,0,0
0,0,0
0,0,0
0,0,0
0,0,0
0,0,0
0,0,0
0,0,0
0,0,0
0,0,0
0,0,0
0,0,0
0,0,0
0,0,0
-3.50486e+31,-0.00128882,-3.50474e+31
-4.43967e+31,-0.00136315,-4.43952e+31
0,0,0
-6.51191e+30,0.000591368,-6.51168e+30
-6.84286e+30,0.000454325,-6.84262e+30
-4.43967e+31,-0.00136315,-4.43952e+31
-3.25052e+30,0.00494586,-3.25041e+30
-3.35064e+30,0.00456376,-3.35052e+30
-6.84286e+30,0.000454325,-6.84262e+30
-2.27813e+30,0.0123396,-2.27805e+30
-2.2998e+30,0.0125119,-2.29972e+30
-3.35064e+30,0.00456376,-3.35052e+30
-1.74847e+30,0.0204099,-1.74841e+30
-1.71666e+30,0.0188631,-1.7166e+30
-2.2998e+30,0.0125119,-2.29972e+30
-1.36766e+30,-0.00921383,-1.36761e+30
-1.37906e+30,-0.00849804,-1.37901e+30
-1.71666e+30,0.0188631,-1.7166e+30
-1.75255e+30,-0.00492435,-1.75249e+30
-1.77919e+30,-0.00497458,-1.77913e+30
-1.37906e+30,-0.00849804,-1.37901e+30
-3.29829e+30,-7.04238e-05,-3.29818e+30
-3.44883e+30,0.000229708,-3.44871e+30
-1.77919e+30,-0.00497458,-1.77913e+30
-7.68592e+30,0.00357204,-7.68565e+30
-8.16163e+30,0.0037202,-8.16135e+30
-3.44883e+30,0.000229708,-3.44871e+30
-4.92566e+31,0.00581477,-4.92549e+31
-6.57022e+31,0.00593935,-6.56999e+31
-8.16163e+30,0.0037202,-8.16135e+30
0,0,0
0,0,0
-6.57022e+31,0.00593935,-6.56999e+31
0,0,0
0,0,0
0,0,0
0,0,0
0,0,0
0,0,0
0,0,0
0,0,0
0,0,0
0,0,0
0,0,0
0,0,0
0,0,0
0,0,0
0,0,0
0,0,0
0,0,0
0,0,0
0,0,0
0,0,0
0,0,0
0,0,0
0,0,0
0,0,0
0,0,0
0,0,0
0,0,0
0,0,0
0,0,0
0,0,0
0,0,0
0,0,0
0,0,0
-2.92718e+31,-0.00122021,-2.92708e+31
-3.50486e+31,-0.00128882,-3.50474e+31
0,0,0
-6.24245e+30,0.000718204,-6.24223e+30
-6.51191e+30,0.000591368,-6.51168e+30
-3.50486e+31,-0.00128882,-3.50474e+31
-3.17026e+30,0.0052929,-3.17015e+30
-3.25052e+30,0.00494586,-3.25041e+30
-6.51191e+30,0.000591368,-6.51168e+30
-2.25874e+30,0.0121172,-2.25867e+30
-2.27813e+30,0.0123396,-2.27805e+30
-3.25052e+30,0.00494586,-3.25041e+30
-1.77864e+30,0.0217835,-1.77858e+30
-1.74847e+30,0.0204099,-1.74841e+30
-2.27813e+30,0.0123396,-2.27805e+30
-1.35844e+30,-0.00982158,-1.3584e+30
-1.36766e+30,-0.00921383,-1.36761e+30
-1.74847e+30,0.0204099,-1.74841e+30
-1.7314e+30,-0.00484154,-1.73134e+30
-1.75255e+30,-0.00492435,-1.75249e+30
-1.36766e+30,-0.00921383,-1.36761e+30
-3.17454e+30,-0.000341262,-3.17443e+30
-3.29829e+30,-7.04238e-05,-3.29818e+30
-1.75255e+30,-0.00492435,-1.75249e+30
-7.29396e+30,0.00343495,-7.29371e+30
-7.68592e+30,0.00357204,-7.68565e+30
-3.29829e+30,-7.04238e-05,-3.29818e+30
-3.96349e+31,0.00569843,-3.96335e+31
-4.92566e+31,0.00581477,-4.92549e+31
-7.68592e+30,0.00357204,-7.68565e+30
0,0,0
0,0,0
-4.92566e+31,0.00581477,-4.92549e+31
0,0,0
0,0,0
0,0,0
0,0,0
0,0,0
0,0,0
0,0,0
0,0,0
0,0,0
0,0,0
0,0,0
0,0,0
0,0,0
0,0,0
0,0,0
0,0,0
0,0,0
0,0,0
0,0,0
0,0,0
0,0,0
0,0,0
0,0,0
0,0,0
0,0,0
0,0,0
0,0,0
0,0,0
0,0,0
0,0,0
0,0,0
0,0,0
0,0,0
-2.5958e+31,-0.00116688,-2.59571e+31
-2.92718e+31,-0.00122021,-2.92708e+31
0,0,0
-6.05383e+30,0.000815635,-6.05362e+30
-6.24245e+30,0.000718204,-6.24223e+30
-2.92718e+31,-0.00122021,-2.92708e+31
-3.11479e+30,0.00555593,-3.11468e+30
-3.17026e+30,0.0052929,-3.17015e+30
-6.24245e+30,0.000718204,-6.24223e+30
-2.24369e+30,0.0119093,-2.24361e+30
-2.25874e+30,0.0121172,-2.25867e+30
-3.17026e+30,0.0052929,-3.17015e+30
-1.80203e+30,0.0227998,-1.80196e+30
-1.77864e+30,0.0217835,-1.77858e+30
-2.25874e+30,0.0121172,-2.25867e+30
-1.35208e+30,-0.0102589,-1.35204e+30
-1.35844e+30,-0.00982158,-1.3584e+30
-1.77864e+30,0.0217835,-1.77858e+30
-1.71692e+30,-0.00475597,-1.71686e+30
-1.7314e+30,-0.00484154,-1.73134e+30
-1.35844e+30,-0.00982158,-1.3584e+30
-3.08674e+30,-0.000547878,-3.08663e+30
-3.17454e+30,-0.000341262,-3.17443e+30
-1.7314e+30,-0.00484154,-1.73134e+30
-7.0154e+30,0.00332798,-7.01516e+30
-7.29396e+30,0.00343495,-7.29371e+30
-3.17454e+30,-0.000341262,-3.17443e+30
-3.41989e+31,0.00560648,-3.41977e+31
-3.96349e+31,0.00569843,-3.96335e+31
-7.29396e+30,0.00343495,-7.29371e+30
0,0,0
0,0,0
-3.96349e+31,0.00569843,-3.96335e+31
0,0,0
0,0,0
0,0,0
0,0,0
0,0,0
0,0,0
0,0,0
0,0,0
0,0,0
0,0,0
0,0,0
0,0,0
0,0,0
0,0,0
0,0,0
0,0,0
0,0,0
0,0,0
0,0,0
0,0,0
0,0,0
0,0,0
0,0,0
0,0,0
0,0,0
0,0,0
0,0,0
0,0,0
0,0,0
0,0,0
0,0,0
0,0,0
0,0,0
-2.43673e+31,-0.00113658,-2.43665e+31
-2.5958e+31,-0.00116688,-2.59571e+31
0,0,0
-5.95442e+30,0.000872093,-5.95422e+30
-6.05383e+30,0.000815635,-6.05362e+30
-2.5958e+31,-0.00116688,-2.59571e+31
-3.08427e+30,0.0057044,-3.08416e+30
-3.11479e+30,0.00555593,-3.11468e+30
-6.05383e+30,0.000815635,-6.05362e+30
-2.23524e+30,0.0117766,-2.23517e+30
-2.24369e+30,0.0119093,-2.24361e+30
-3.11479e+30,0.00555593,-3.11468e+30
-1.81558e+30,0.0233714,-1.81551e+30
-1.80203e+30,0.0227998,-1.80196e+30
-2.24369e+30,0.0119093,-2.24361e+30
-1.3485e+30,-0.0105142,-1.34845e+30
-1.35208e+30,-0.0102589,-1.35204e+30
-1.80203e+30,0.0227998,-1.80196e+30
-1.70883e+30,-0.00469548,-1.70878e+30
-1.71692e+30,-0.00475597,-1.71686e+30
-1.35208e+30,-0.0102589,-1.35204e+30
-3.03613e+30,-0.000672858,-3.03602e+30
-3.08674e+30,-0.000547878,-3.08663e+30
-1.71692e+30,-0.00475597,-1.71686e+30
-6.85365e+30,0.00326162,-6.85341e+30
-7.0154e+30,0.00332798,-7.01516e+30
-3.08674e+30,-0.000547878,-3.08663e+30
-3.14393e+31,0.00554887,-3.14382e+31
-3.41989e+31,0.00560648,-3.41977e+31
-7.0154e+30,0.00332798,-7.01516e+30
0,0,0
0,0,0
-3.41989e+31,0.00560648,-3.41977e+31
0,0,0
0,0,0
0,0,0
0,0,0
0,0,0
0,0,0
0,0,0
0,0,0
0,0,0
0,0,0
0,0,0
0,0,0
0,0,0
0,0,0
0,0,0
0,0,0
0,0,0
0,0,0
0,0,0
0,0,0
0,0,0
0,0,0
0,0,0
0,0,0
0,0,0
0,0,0
0,0,0
0,0,0
0,0,0
0,0,0
0,0,0
0,0,0
0,0,0
-2.41455e+31,-0.00113057,-2.41447e+31
-2.43673e+31,-0.00113658,-2.43665e+31
0,0,0
-5.93492e+30,0.000881848,-5.93471e+30
-5.95442e+30,0.000872093,-5.95422e+30
-2.43673e+31,-0.00113658,-2.43665e+31
-3.07923e+30,0.00573205,-3.07912e+30
-3.08427e+30,0.0057044,-3.08416e+30
-5.95442e+30,0.000872093,-5.95422e+30
-2.23372e+30,0.011752,-2.23364e+30
-2.23524e+30,0.0117766,-2.23517e+30
-3.08427e+30,0.0057044,-3.08416e+30
-1.81789e+30,0.0234674,-1.81783e+30
-1.81558e+30,0.0233714,-1.81551e+30
-2.23524e+30,0.0117766,-2.23517e+30
-1.34744e+30,-0.0105894,-1.3474e+30
-1.3485e+30,-0.0105142,-1.34845e+30
-1.81558e+30,0.0233714,-1.81551e+30
-1.70652e+30,-0.00467647,-1.70646e+30
-1.70883e+30,-0.00469548,-1.70878e+30
-1.3485e+30,-0.0105142,-1.34845e+30
-3.02154e+30,-0.000709845,-3.02144e+30
-3.03613e+30,-0.000672858,-3.03602e+30
-1.70883e+30,-0.00469548,-1.70878e+30
-6.80526e+30,0.00324116,-6.80503e+30
-6.85365e+30,0.00326162,-6.85341e+30
-3.03613e+30,-0.000672858,-3.03602e+30
-3.06197e+31,0.00552975,-3.06187e+31
-3.14393e+31,0.00554887,-3.14382e+31
-6.85365e+30,0.00326162,-6.85341e+30
0,0,0
0,0,0
-3.14393e+31,0.00554887,-3.14382e+31
0,0,0
0,0,0
0,0,0
0,0,0
0,0,0
0,0,0
0,0,0
0,0,0
0,0,0
0,0,0
0,0,0
0,0,0
0,0,0
0,0,0
0,0,0
0,0,0
0,0,0
0,0,0
0,0,0
0,0,0
0,0,0
0,0,0
0,0,0
0,0,0
0,0,0
0,0,0
0,0,0
0,0,0
0,0,0
0,0,0
0,0,0
0,0,0
0,0,0
-2.52507e+31,-0.00115381,-2.52498e+31
-2.41455e+31,-0.00113057,-2.41447e+31
0,0,0
-6.00468e+30,0.000841749,-6.00447e+30
-5.93492e+30,0.000881848,-5.93471e+30
-2.41455e+31,-0.00113057,-2.41447e+31
-3.09911e+30,0.00563056,-3.099e+30
-3.07923e+30,0.00573205,-3.07912e+30
-5.93492e+30,0.000881848,-5.93471e+30
-2.23964e+30,0.0118415,-2.23957e+30
-2.23372e+30,0.011752,-2.23364e+30
-3.07923e+30,0.00573205,-3.07912e+30
-1.80869e+30,0.0230818,-1.80863e+30
-1.81789e+30,0.0234674,-1.81783e+30
-2.23372e+30,0.011752,-2.23364e+30
-1.34886e+30,-0.0104889,-1.34881e+30
-1.34744e+30,-0.0105894,-1.3474e+30
-1.81789e+30,0.0234674,-1.81783e+30
-1.70995e+30,-0.00470449,-1.70989e+30
-1.70652e+30,-0.00467647,-1.70646e+30
-1.34744e+30,-0.0105894,-1.3474e+30
-3.04229e+30,-0.000657264,-3.04218e+30
-3.02154e+30,-0.000709845,-3.02144e+30
-1.70652e+30,-0.00467647,-1.70646e+30
-6.86759e+30,0.0032675,-6.86735e+30
-6.80526e+30,0.00324116,-6.80503e+30
-3.02154e+30,-0.000709845,-3.02144e+30
-3.15292e+31,0.00555073,-3.15281e+31
-3.06197e+31,0.00552975,-3.06187e+31
-6.80526e+30,0.00324116,-6.80503e+30
0,0,0
0,0,0
-3.06197e+31,0.00552975,-3.06187e+31
0,0,0
0,0,0
0,0,0
0,0,0
0,0,0
0,0,0
0,0,0
0,0,0
0,0,0
0,0,0
0,0,0
0,0,0
0,0,0
0,0,0
0,0,0
0,0,0
0,0,0
0,0,0
0,0,0
0,0,0
0,0,0
0,0,0
0,0,0
0,0,0
0,0,0
0,0,0
0,0,0
0,0,0
0,0,0
0,0,0
0,0,0
0,0,0
0,0,0
-2.7998e+31,-0.00120187,-2.7997e+31
-2.52507e+31,-0.00115381,-2.52498e+31
0,0,0
-6.16672e+30,0.000758905,-6.1665e+30
-6.00468e+30,0.000841749,-6.00447e+30
-2.52507e+31,-0.00115381,-2.52498e+31
-3.1452e+30,0.00540928,-3.14509e+30
-3.09911e+30,0.00563056,-3.099e+30
-6.00468e+30,0.000841749,-6.00447e+30
-2.25195e+30,0.0120244,-2.25188e+30
-2.23964e+30,0.0118415,-2.23957e+30
-3.09911e+30,0.00563056,-3.099e+30
-1.78848e+30,0.0222152,-1.78842e+30
-1.80869e+30,0.0230818,-1.80863e+30
-2.23964e+30,0.0118415,-2.23957e+30
-1.35286e+30,-0.0102034,-1.35281e+30
-1.34886e+30,-0.0104889,-1.34881e+30
-1.80869e+30,0.0230818,-1.80863e+30
-1.71935e+30,-0.00477243,-1.71929e+30
-1.70995e+30,-0.00470449,-1.70989e+30
-1.34886e+30,-0.0104889,-1.34881e+30
-3.09982e+30,-0.000516308,-3.09971e+30
-3.04229e+30,-0.000657264,-3.04218e+30
-1.70995e+30,-0.00470449,-1.70989e+30
-7.04418e+30,0.00333941,-7.04393e+30
-6.86759e+30,0.0032675,-6.86735e+30
-3.04229e+30,-0.000657264,-3.04218e+30
-3.44038e+31,0.00561036,-3.44026e+31
-3.15292e+31,0.00555073,-3.15281e+31
-6.86759e+30,0.0032675,-6.86735e+30
0,0,0
0,0,0
-3.15292e+31,0.00555073,-3.15281e+31
0,0,0
0,0,0
0,0,0
0,0,0
0,0,0
0,0,0
0,0,0
0,0,0
0,0,0
0,0,0
0,0,0
0,0,0
0,0,0
0,0,0
0,0,0
0,0,0
0,0,0
0,0,0
0,0,0
0,0,0
0,0,0
0,0,0
0,0,0
0,0,0
0,0,0
0,0,0
0,0,0
0,0,0
0,0,0
0,0,0
0,0,0
0,0,0
0,0,0
-3.32153e+31,-0.00127079,-3.32141e+31
-2.7998e+31,-0.00120187,-2.7997e+31
0,0,0
-6.42374e+30,0.000632275,-6.42351e+30
-6.16672e+30,0.000758905,-6.1665e+30
-2.7998e+31,-0.00120187,-2.7997e+31
-3.22041e+30,0.00507186,-3.2203e+30
-3.1452e+30,0.00540928,-3.14509e+30
-6.16672e+30,0.000758905,-6.1665e+30
-2.27069e+30,0.0122582,-2.27061e+30
-2.25195e+30,0.0120244,-2.25188e+30
-3.1452e+30,0.00540928,-3.14509e+30
-1.75893e+30,0.0208963,-1.75887e+30
-1.78848e+30,0.0222152,-1.78842e+30
-2.25195e+30,0.0120244,-2.25188e+30
-1.35989e+30,-0.00972544,-1.35984e+30
-1.35286e+30,-0.0102034,-1.35281e+30
-1.78848e+30,0.0222152,-1.78842e+30
-1.73561e+30,-0.00486163,-1.73555e+30
-1.71935e+30,-0.00477243,-1.71929e+30
-1.35286e+30,-0.0102034,-1.35281e+30
-3.19597e+30,-0.00029267,-3.19586e+30
-3.09982e+30,-0.000516308,-3.09971e+30
-1.71935e+30,-0.00477243,-1.71929e+30
-7.34018e+30,0.00345192,-7.33992e+30
-7.04418e+30,0.00333941,-7.04393e+30
-3.09982e+30,-0.000516308,-3.09971e+30
-4.00181e+31,0.00570418,-4.00167e+31
-3.44038e+31,0.00561036,-3.44026e+31
-7.04418e+30,0.00333941,-7.04393e+30
0,0,0
0,0,0
-3.44038e+31,0.00561036,-3.44026e+31
0,0,0
0,0,0
0,0,0
0,0,0
0,0,0
0,0,0
0,0,0
0,0,0
0,0,0
0,0,0
0,0,0
0,0,0
0,0,0
0,0,0
0,0,0
0,0,0
0,0,0
0,0,0
0,0,0
0,0,0
0,0,0
0,0,0
0,0,0
0,0,0
0,0,0
0,0,0
0,0,0
0,0,0
0,0,0
0,0,0
0,0,0
0,0,0
0,0,0
-4.2701e+31,-0.00135145,-4.26995e+31
-3.32153e+31,-0.00127079,-3.32141e+31
0,0,0
-6.7753e+30,0.000481022,-6.77506e+30
-6.42374e+30,0.000632275,-6.42351e+30
-3.32153e+31,-0.00127079,-3.32141e+31
-3.32556e+30,0.00465947,-3.32544e+30
-3.22041e+30,0.00507186,-3.2203e+30
-6.42374e+30,0.000632275,-6.42351e+30
-2.29396e+30,0.0124724,-2.29388e+30
-2.27069e+30,0.0122582,-2.27061e+30
-3.22041e+30,0.00507186,-3.2203e+30
-1.72384e+30,0.0192234,-1.72378e+30
-1.75893e+30,0.0208963,-1.75887e+30
-2.27069e+30,0.0122582,-2.27061e+30
-1.37003e+30,-0.00906497,-1.36998e+30
-1.35989e+30,-0.00972544,-1.35984e+30
-1.75893e+30,0.0208963,-1.75887e+30
-1.75917e+30,-0.0049416,-1.75911e+30
-1.73561e+30,-0.00486163,-1.73555e+30
-1.35989e+30,-0.00972544,-1.35984e+30
-3.33007e+30,-4.39035e-06,-3.32996e+30
-3.19597e+30,-0.00029267,-3.19586e+30
-1.73561e+30,-0.00486163,-1.73555e+30
-7.7529e+30,0.00359394,-7.75263e+30
-7.34018e+30,0.00345192,-7.33992e+30
-3.19597e+30,-0.00029267,-3.19586e+30
-4.99596e+31,0.00582161,-4.99579e+31
-4.00181e+31,0.00570418,-4.00167e+31
-7.34018e+30,0.00345192,-7.33992e+30
0,0,0
0,0,0
-4.00181e+31,0.00570418,-4.00167e+31
0,0,0
0,0,0
0,0,0
0,0,0
0,0,0
0,0,0
0,0,0
0,0,0
0,0,0
0,0,0
0,0,0
0,0,0
0,0,0
0,0,0
0,0,0
0,0,0
0,0,0
0,0,0
0,0,0
0,0,0
0,0,0
0,0,0
0,0,0
0,0,0
0,0,0
0,0,0
0,0,0
0,0,0
0,0,0
0,0,0
0,0,0
0,0,0
0,0,0
-6.01894e+31,-0.00143433,-6.01873e+31
-4.2701e+31,-0.00135145,-4.26995e+31
0,0,0
-7.20079e+30,0.000323016,-7.20054e+30
-6.7753e+30,0.000481022,-6.77506e+30
-4.2701e+31,-0.00135145,-4.26995e+31
-3.45434e+30,0.00421314,-3.45422e+30
-3.32556e+30,0.00465947,-3.32544e+30
-6.7753e+30,0.000481022,-6.77506e+30
-2.31906e+30,0.012592,-2.31898e+30
-2.29396e+30,0.0124724,-2.29388e+30
-3.32556e+30,0.00465947,-3.32544e+30
-1.68871e+30,0.0174029,-1.68865e+30
-1.72384e+30,0.0192234,-1.72378e+30
-2.29396e+30,0.0124724,-2.29388e+30
-1.38261e+30,-0.00828152,-1.38256e+30
-1.37003e+30,-0.00906497,-1.36998e+30
-1.72384e+30,0.0192234,-1.72378e+30
-1.78898e+30,-0.00498128,-1.78892e+30
-1.75917e+30,-0.0049416,-1.75911e+30
-1.37003e+30,-0.00906497,-1.36998e+30
-3.49305e+30,0.000312557,-3.49293e+30
-3.33007e+30,-4.39035e-06,-3.32996e+30
-1.75917e+30,-0.0049416,-1.75911e+30
-8.25316e+30,0.00374677,-8.25287e+30
-7.7529e+30,0.00359394,-7.75263e+30
-3.33007e+30,-4.39035e-06,-3.32996e+30
-6.70556e+31,0.00594695,-6.70533e+31
-4.99596e+31,0.00582161,-4.99579e+31
-7.7529e+30,0.00359394,-7.75263e+30
0,0,0
0,0,0
-4.99596e+31,0.00582161,-4.99579e+31
0,0,0
0,0,0
0,0,0
0,0,0
0,0,0
0,0,0
0,0,0
0,0,0
0,0,0
0,0,0
0,0,0
0,0,0
0,0,0
0,0,0
0,0,0
0,0,0
0,0,0
0,0,0
0,0,0
0,0,0
0,0,0
0,0,0
0,0,0
0,0,0
0,0,0
0,0,0
0,0,0
0,0,0
0,0,0
0,0,0
0,0,0
0,0,0
0,0,0
-9.27016e+31,-0.00150127,-9.26984e+31
-6.01894e+31,-0.00143433,-6.01873e+31
0,0,0
-7.63702e+30,0.000186185,-7.63675e+30
-7.20079e+30,0.000323016,-7.20054e+30
-6.01894e+31,-0.00143433,-6.01873e+31
-3.58792e+30,0.00381782,-3.58779e+30
-3.45434e+30,0.00421314,-3.45422e+30
-7.20079e+30,0.000323016,-7.20054e+30
-2.3419e+30,0.012586,-2.34182e+30
-2.31906e+30,0.012592,-2.31898e+30
-3.45434e+30,0.00421314,-3.45422e+30
-1.65958e+30,0.0157402,-1.65952e+30
-1.68871e+30,0.0174029,-1.68865e+30
-2.31906e+30,0.012592,-2.31898e+30
-1.39563e+30,-0.00750872,-1.39558e+30
-1.38261e+30,-0.00828152,-1.38256e+30
-1.68871e+30,0.0174029,-1.68865e+30
-1.82059e+30,-0.00497014,-1.82052e+30
-1.78898e+30,-0.00498128,-1.78892e+30
-1.38261e+30,-0.00828152,-1.38256e+30
-3.66012e+30,0.000604706,-3.66e+30
-3.49305e+30,0.000312557,-3.49293e+30
-1.78898e+30,-0.00498128,-1.78892e+30
-8.76469e+30,0.00388473,-8.76439e+30
-8.25316e+30,0.00374677,-8.25287e+30
-3.49305e+30,0.000312557,-3.49293e+30
-9.4946e+31,0.00605931,-9.49427e+31
-6.70556e+31,0.00594695,-6.70533e+31
-8.25316e+30,0.00374677,-8.25287e+30
0,0,0
0,0,0
-6.70556e+31,0.00594695,-6.70533e+31
0,0,0
0,0,0
0,0,0
0,0,0
0,0,0
0,0,0
0,0,0
0,0,0
0,0,0
0,0,0
0,0,0
0,0,0
0,0,0
0,0,0
0,0,0
0,0,0
0,0,0
0,0,0
0,0,0
0,0,0
0,0,0
0,0,0
0,0,0
0,0,0
0,0,0
0,0,0
0,0,0
0,0,0
0,0,0
0,0,0
0,0,0
0,0,0
0,0,0
-1.45101e+32,-0.00154845,-1.45096e+32
-9.27016e+31,-0.00150127,-9.26984e+31
0,0,0
-7.97756e+30,8.95885e-05,-7.97729e+30
-7.63702e+30,0.000186185,-7.63675e+30
-9.27016e+31,-0.00150127,-9.26984e+31
-3.69307e+30,0.00354327,-3.69294e+30
-3.58792e+30,0.00381782,-3.58779e+30
-7.63702e+30,0.000186185,-7.63675e+30
-2.35934e+30,0.0125221,-2.35926e+30
-2.3419e+30,0.012586,-2.34182e+30
-3.58792e+30,0.00381782,-3.58779e+30
-1.64095e+30,0.0145708,-1.64089e+30
-1.65958e+30,0.0157402,-1.65952e+30
-2.3419e+30,0.012586,-2.34182e+30
-1.40566e+30,-0.00693109,-1.40562e+30
-1.39563e+30,-0.00750872,-1.39558e+30
-1.65958e+30,0.0157402,-1.65952e+30
-1.84575e+30,-0.00493269,-1.84568e+30
-1.82059e+30,-0.00497014,-1.82052e+30
-1.39563e+30,-0.00750872,-1.39558e+30
-3.79027e+30,0.00081204,-3.79014e+30
-3.66012e+30,0.000604706,-3.66e+30
-1.82059e+30,-0.00497014,-1.82052e+30
-9.16201e+30,0.00398112,-9.16169e+30
-8.76469e+30,0.00388473,-8.76439e+30
-3.66012e+30,0.000604706,-3.66e+30
-1.3155e+32,0.00613754,-1.31546e+32
-9.4946e+31,0.00605931,-9.49427e+31
-8.76469e+30,0.00388473,-8.76439e+30
0,0,0
0,0,0
-9.4946e+31,0.00605931,-9.49427e+31
0,0,0
0,0,0
0,0,0
0,0,0
0,0,0
0,0,0
0,0,0
0,0,0
0,0,0
0,0,0
0,0,0
0,0,0
0,0,0
0,0,0
0,0,0
0,0,0
0,0,0
0,0,0
0,0,0
0,0,0
0,0,0
0,0,0
0,0,0
0,0,0
0,0,0
0,0,0
0,0,0
0,0,0
0,0,0
0,0,0
0,0,0
0,0,0
0,0,0
-1.80927e+32,-0.00156441,-1.8092e+32
-1.45101e+32,-0.00154845,-1.45096e+32
0,0,0
-8.13045e+30,4.87276e-05,-8.13017e+30
-7.97756e+30,8.95885e-05,-7.97729e+30
-1.45101e+32,-0.00154845,-1.45096e+32
-3.73331e+30,0.00344534,-3.73318e+30
-3.69307e+30,0.00354327,-3.69294e+30
-7.97756e+30,8.95885e-05,-7.97729e+30
-2.36558e+30,0.0124831,-2.3655e+30
-2.35934e+30,0.0125221,-2.35926e+30
-3.69307e+30,0.00354327,-3.69294e+30
-1.63462e+30,0.0141495,-1.63456e+30
-1.64095e+30,0.0145708,-1.64089e+30
-2.35934e+30,0.0125221,-2.35926e+30
-1.40945e+30,-0.00671604,-1.40941e+30
-1.40566e+30,-0.00693109,-1.40562e+30
-1.64095e+30,0.0145708,-1.64089e+30
-1.85548e+30,-0.00491313,-1.85542e+30
-1.84575e+30,-0.00493269,-1.84568e+30
-1.40566e+30,-0.00693109,-1.40562e+30
-3.84014e+30,0.000887116,-3.84001e+30
-3.79027e+30,0.00081204,-3.79014e+30
-1.84575e+30,-0.00493269,-1.84568e+30
-9.31392e+30,0.00401582,-9.3136e+30
-9.16201e+30,0.00398112,-9.16169e+30
-3.79027e+30,0.00081204,-3.79014e+30
-1.52086e+32,0.00616571,-1.52081e+32
-1.3155e+32,0.00613754,-1.31546e+32
-9.16201e+30,0.00398112,-9.16169e+30
0,0,0
0,0,0
-1.3155e+32,0.00613754,-1.31546e+32
0,0,0
0,0,0
0,0,0
0,0,0
0,0,0
0,0,0
0,0,0
0,0,0
0,0,0
0,0,0
0,0,0
0,0,0
0,0,0
0,0,0
0,0,0
0,0,0
0,0,0
0,0,0
0,0,0
0,0,0
0,0,0
0,0,0
0,0,0
0,0,0
0,0,0
0,0,0
0,0,0
0,0,0
0,0,0
0,0,0
0,0,0
0,0,0
0,0,0
-1.45103e+32,-0.00154785,-1.45098e+32
-1.80927e+32,-0.00156441,-1.8092e+32
0,0,0
-7.97757e+30,8.95579e-05,-7.9773e+30
-8.13045e+30,4.87276e-05,-8.13017e+30
-1.80927e+32,-0.00156441,-1.8092e+32
-3.69307e+30,0.00354327,-3.69294e+30
-3.73331e+30,0.00344534,-3.73318e+30
-8.13045e+30,4.87276e-05,-8.13017e+30
-2.35934e+30,0.0125221,-2.35926e+30
-2.36558e+30,0.0124831,-2.3655e+30
-3.73331e+30,0.00344534,-3.73318e+30
-1.64095e+30,0.0145708,-1.64089e+30
-1.63462e+30,0.0141495,-1.63456e+30
-2.36558e+30,0.0124831,-2.3655e+30
-1.40566e+30,-0.00693109,-1.40562e+30
-1.40945e+30,-0.00671604,-1.40941e+30
-1.63462e+30,0.0141495,-1.63456e+30
-1.84574e+30,-0.00493261,-1.84568e+30
-1.85548e+30,-0.00491313,-1.85542e+30
-1.40945e+30,-0.00671604,-1.40941e+30
-3.79027e+30,0.00081204,-3.79014e+30
-3.84014e+30,0.000887116,-3.84001e+30
-1.85548e+30,-0.00491313,-1.85542e+30
-9.162e+30,0.00398114,-9.16169e+30
-9.31392e+30,0.00401582,-9.3136e+30
-3.84014e+30,0.000887116,-3.84001e+30
-1.31549e+32,0.00613755,-1.31544e+32
-1.52086e+32,0.00616571,-1.52081e+32
-9.31392e+30,0.00401582,-9.3136e+30
0.245284,0.969451,0
0.245284,0.969451,0
-1.52086e+32,0.00616571,-1.52081e+32
0.407189,0.913344,0
0.407189,0.913344,0
0.564851,0.825193,0
0.564851,0.825193,0
0.564851,0.825193,0
0.712808,0.701359,0
0.712808,0.70136,0
0.712808,0.70136,0
0.841949,0.539557,0
0.841949,0.539557,0
0.841949,0.539557,0
0.939776,0.341789,0
0.939776,0.34179,0
0.939776,0.34179,0
0.9931,0.11727,0
0.9931,0.11727,0
0.9931,0.11727,0
0.9931,-0.11727,0
0.9931,-0.11727,0
0.9931,-0.11727,0
0.939776,-0.341789,0
0.939776,-0.34179,0
0.939776,-0.34179,0
0.841949,-0.539557,0
0.841949,-0.539557,0
0.841949,-0.539557,0
0.712808,-0.70136,0
0.712807,-0.70136,0
0.712807,-0.70136,0
0.564851,-0.825193,0
0.564851,-0.825193,0
0.564851,-0.825193,0
0.407189,-0.913344,0
-9.27024e+31,-0.0015021,-9.26991e+31
-1.45103e+32,-0.00154785,-1.45098e+32
0.245284,-0.969451,0
-7.63702e+30,0.000186191,-7.63675e+30
-7.97757e+30,8.95579e-05,-7.9773e+30
-1.45103e+32,-0.00154785,-1.45098e+32
-3.58792e+30,0.00381782,-3.58779e+30
-3.69307e+30,0.00354327,-3.69294e+30
-7.97757e+30,8.95579e-05,-7.9773e+30
-2.3419e+30,0.012586,-2.34182e+30
-2.35934e+30,0.0125221,-2.35926e+30
-3.69307e+30,0.00354327,-3.69294e+30
-1.65958e+30,0.0157401,-1.65952e+30
-1.64095e+30,0.0145708,-1.64089e+30
-2.35934e+30,0.0125221,-2.35926e+30
-1.39563e+30,-0.00750872,-1.39558e+30
-1.40566e+30,-0.00693109,-1.40562e+30
-1.64095e+30,0.0145708,-1.64089e+30
-1.82059e+30,-0.00497014,-1.82052e+30
-1.84574e+30,-0.00493261,-1.84568e+30
-1.40566e+30,-0.00693109,-1.40562e+30
-3.66012e+30,0.000604706,-3.66e+30
-3.79027e+30,0.00081204,-3.79014e+30
-1.84574e+30,-0.00493261,-1.84568e+30
-8.76469e+30,0.00388469,-8.76439e+30
-9.162e+30,0.00398114,-9.16169e+30
-3.79027e+30,0.00081204,-3.79014e+30
-9.49451e+31,0.00605928,-9.49418e+31
-1.31549e+32,0.00613755,-1.31544e+32
-9.162e+30,0.00398114,-9.16169e+30
-0.9931,-0.117269,0
-0.9931,-0.117269,0
-1.31549e+32,0.00613755,-1.31544e+32
-0.9931,0.117271,0
-0.9931,0.117271,0
-0.939776,0.341791,0
-0.939776,0.341791,0
-0.939776,0.341791,0
-0.841949,0.539558,0
-0.841949,0.539558,0
-0.841948,0.539558,0
-0.712807,0.70136,0
-0.712807,0.701361,0
-0.712807,0.701361,0
-0.56485,0.825194,0
-0.56485,0.825194,0
-0.56485,0.825194,0
-0.407188,0.913344,0
-0.407188,0.913344,0
-0.407188,0.913345,0
0,0,1
-1.80133e-07,0,1
-3.16023e-06,0,1
-0.245283,0.969451,0
-0.245283,0.969452,0
-0.245283,0.969452,0
-0.0818731,0.996643,0
-0.081873,0.996643,0
-0.0818729,0.996643,0
1.48737e-06,0,-1
-2.01981e-06,0,-1
1.80131e-07,0,-1
-0.081873,0.996643,0
-0.081873,0.996643,0
-0.0818729,0.996643,0
-0.081873,0.996643,0
-6.01897e+31,-0.00143396,-6.01876e+31
-9.27024e+31,-0.0015021,-9.26991e+31
-0.081873,0.996643,0
-7.20079e+30,0.000323023,-7.20054e+30
-7.63702e+30,0.000186191,-7.63675e+30
-9.27024e+31,-0.0015021,-9.26991e+31
-3.45434e+30,0.00421316,-3.45422e+30
-3.58792e+30,0.00381782,-3.58779e+30
-7.63702e+30,0.000186191,-7.63675e+30
-2.31906e+30,0.012592,-2.31898e+30
-2.3419e+30,0.012586,-2.34182e+30
-3.58792e+30,0.00381782,-3.58779e+30
-1.68871e+30,0.0174029,-1.68865e+30
-1.65958e+30,0.0157401,-1.65952e+30
-2.3419e+30,0.012586,-2.34182e+30
-1.38261e+30,-0.00828152,-1.38256e+30
-1.39563e+30,-0.00750872,-1.39558e+30
-1.65958e+30,0.0157401,-1.65952e+30
-1.78898e+30,-0.00498134,-1.78892e+30
-1.82059e+30,-0.00497014,-1.82052e+30
-1.39563e+30,-0.00750872,-1.39558e+30
-3.49305e+30,0.000312557,-3.49293e+30
-3.66012e+30,0.000604706,-3.66e+30
-1.82059e+30,-0.00497014,-1.82052e+30
-8.25316e+30,0.00374677,-8.25287e+30
-8.76469e+30,0.00388469,-8.76439e+30
-3.66012e+30,0.000604706,-3.66e+30
-6.70552e+31,0.00594694,-6.70529e+31
-9.49451e+31,0.00605928,-9.49418e+31
-8.76469e+30,0.00388469,-8.76439e+30
-0.081873,0.996643,0
-0.081873,0.996643,0
-9.49451e+31,0.00605928,-9.49418e+31
-0.081873,0.996643,0
-0.081873,0.996643,0
-0.081873,0.996643,0
-0.0818731,0.996643,0
-0.081873,0.996643,0
-0.081873,0.996643,0
-0.081873,0.996643,0
-0.0818731,0.996643,0
-0.081873,0.996643,0
-0.081873,0.996643,0
-0.081873,0.996643,0
-0.0818731,0.996643,0
-0.081873,0.996643,0
-0.081873,0.996643,0
-0.081873,0.996643,0
-0.081873,0.996643,0
-0.081873,0.996643,0
-0.081873,0.996643,0
-0.081873,0.996643,0
-0.081873,0.996643,0
-0.081873,0.996643,0
-0.081873,0.996643,0
-0.081873,0.996643,0
-0.0818731,0.996643,0
-0.081873,0.996643,0
-0.081873,0.996643,0
-0.081873,0.996643,0
-0.081873,0.996643,0
-0.081873,0.996643,0
-0.245283,0.969451,0
-0.245283,0.969452,0
-0.245283,0.969452,0
-0.245283,0.969452,0
-4.27012e+31,-0.00135171,-4.26997e+31
-6.01897e+31,-0.00143396,-6.01876e+31
-0.245283,0.969452,0
-6.77531e+30,0.00048018,-6.77507e+30
-7.20079e+30,0.000323023,-7.20054e+30
-6.01897e+31,-0.00143396,-6.01876e+31
-3.32556e+30,0.00465947,-3.32544e+30
-3.45434e+30,0.00421316,-3.45422e+30
-7.20079e+30,0.000323023,-7.20054e+30
-2.29396e+30,0.0124724,-2.29388e+30
-2.31906e+30,0.012592,-2.31898e+30
-3.45434e+30,0.00421316,-3.45422e+30
-1.72384e+30,0.0192234,-1.72378e+30
-1.68871e+30,0.0174029,-1.68865e+30
-2.31906e+30,0.012592,-2.31898e+30
-1.37003e+30,-0.00906486,-1.36998e+30
-1.38261e+30,-0.00828152,-1.38256e+30
-1.68871e+30,0.0174029,-1.68865e+30
-1.75917e+30,-0.00494157,-1.75911e+30
-1.78898e+30,-0.00498134,-1.78892e+30
-1.38261e+30,-0.00828152,-1.38256e+30
-3.33007e+30,-4.39035e-06,-3.32996e+30
-3.49305e+30,0.000312557,-3.49293e+30
-1.78898e+30,-0.00498134,-1.78892e+30
-7.7529e+30,0.00359394,-7.75263e+30
-8.25316e+30,0.00374677,-8.25287e+30
-3.49305e+30,0.000312557,-3.49293e+30
-4.99594e+31,0.00582156,-4.99577e+31
-6.70552e+31,0.00594694,-6.70529e+31
-8.25316e+30,0.00374677,-8.25287e+30
-0.245283,0.969452,0
-0.245283,0.969452,0
-6.70552e+31,0.00594694,-6.70529e+31
-0.245283,0.969452,0
-0.245283,0.969452,0
-0.245283,0.969452,0
-0.245283,0.969452,0
-0.245283,0.969452,0
-0.245283,0.969452,0
-0.245283,0.969452,0
-0.245283,0.969452,0
-0.245283,0.969452,0
-0.245283,0.969452,0
-0.245283,0.969452,0
-0.245283,0.969452,0
-0.245283,0.969452,0
-0.245283,0.969452,0
-0.245283,0.969452,0
-0.245283,0.969452,0
-0.245283,0.969452,0
-0.245283,0.969452,0
-0.245283,0.969452,0
-0.245283,0.969452,0
-0.245283,0.969452,0
-0.245283,0.969452,0
-0.245283,0.969452,0
-0.245283,0.969452,0
-0.245283,0.969452,0
-0.245283,0.969452,0
-0.245283,0.969452,0
-0.245283,0.969452,0
-0.245283,0.969452,0
-0.407188,0.913344,0
-0.407188,0.913344,0
-0.407188,0.913345,0
-0.407188,0.913345,0
-3.32154e+31,-0.00127099,-3.32142e+31
-4.27012e+31,-0.00135171,-4.26997e+31
-0.407188,0.913345,0
-6.42374e+30,0.000632292,-6.42352e+30
-6.77531e+30,0.00048018,-6.77507e+30
-4.27012e+31,-0.00135171,-4.26997e+31
-3.22041e+30,0.00507186,-3.2203e+30
-3.32556e+30,0.00465947,-3.32544e+30
-6.77531e+30,0.00048018,-6.77507e+30
-2.27069e+30,0.0122582,-2.27061e+30
-2.29396e+30,0.0124724,-2.29388e+30
-3.32556e+30,0.00465947,-3.32544e+30
-1.75893e+30,0.0208963,-1.75887e+30
-1.72384e+30,0.0192234,-1.72378e+30
-2.29396e+30,0.0124724,-2.29388e+30
-1.35989e+30,-0.00972544,-1.35984e+30
-1.37003e+30,-0.00906486,-1.36998e+30
-1.72384e+30,0.0192234,-1.72378e+30
-1.73561e+30,-0.00486163,-1.73555e+30
-1.75917e+30,-0.00494157,-1.75911e+30
-1.37003e+30,-0.00906486,-1.36998e+30
-3.19597e+30,-0.00029267,-3.19586e+30
-3.33007e+30,-4.39035e-06,-3.32996e+30
-1.75917e+30,-0.00494157,-1.75911e+30
-7.34018e+30,0.00345192,-7.33992e+30
-7.7529e+30,0.00359394,-7.75263e+30
-3.33007e+30,-4.39035e-06,-3.32996e+30
-4.00179e+31,0.00570416,-4.00165e+31
-4.99594e+31,0.00582156,-4.99577e+31
-7.7529e+30,0.00359394,-7.75263e+30
-0.407188,0.913344,0
-0.407188,0.913344,0
-4.99594e+31,0.00582156,-4.99577e+31
-0.407188,0.913344,0
-0.407188,0.913344,0
-0.407188,0.913344,0
-0.407188,0.913344,0
-0.407188,0.913344,0
-0.407188,0.913344,0
-0.407188,0.913344,0
-0.407188,0.913344,0
-0.407188,0.913344,0
-0.407188,0.913344,0
-0.407188,0.913344,0
-0.407188,0.913344,0
-0.407188,0.913344,0
-0.407188,0.913344,0
-0.407188,0.913344,0
-0.407188,0.913344,0
-0.407188,0.913344,0
-0.407188,0.913344,0
-0.407188,0.913345,0
-0.407188,0.913344,0
-0.407188,0.913344,0
-0.407188,0.913345,0
-0.407188,0.913344,0
-0.407188,0.913344,0
-0.407188,0.913345,0
-0.407188,0.913344,0
-0.407188,0.913345,0
-0.407188,0.913344,0
-0.407188,0.913344,0
-0.56485,0.825194,0
-0.56485,0.825194,0
-0.564849,0.825194,0
-0.56485,0.825194,0
-2.7998e+31,-0.00120186,-2.79971e+31
-3.32154e+31,-0.00127099,-3.32142e+31
-0.56485,0.825194,0
-6.16672e+30,0.000758905,-6.1665e+30
-6.42374e+30,0.000632292,-6.42352e+30
-3.32154e+31,-0.00127099,-3.32142e+31
-3.1452e+30,0.00540928,-3.14509e+30
-3.22041e+30,0.00507186,-3.2203e+30
-6.42374e+30,0.000632292,-6.42352e+30
-2.25195e+30,0.0120244,-2.25188e+30
-2.27069e+30,0.0122582,-2.27061e+30
-3.22041e+30,0.00507186,-3.2203e+30
-1.78848e+30,0.0222152,-1.78842e+30
-1.75893e+30,0.0208963,-1.75887e+30
-2.27069e+30,0.0122582,-2.27061e+30
-1.35286e+30,-0.0102034,-1.35281e+30
-1.35989e+30,-0.00972544,-1.35984e+30
-1.75893e+30,0.0208963,-1.75887e+30
-1.71935e+30,-0.00477243,-1.71929e+30
-1.73561e+30,-0.00486163,-1.73555e+30
-1.35989e+30,-0.00972544,-1.35984e+30
-3.09982e+30,-0.000516319,-3.09971e+30
-3.19597e+30,-0.00029267,-3.19586e+30
-1.73561e+30,-0.00486163,-1.73555e+30
-7.04418e+30,0.00333941,-7.04393e+30
-7.34018e+30,0.00345192,-7.33992e+30
-3.19597e+30,-0.00029267,-3.19586e+30
-3.44036e+31,0.00561042,-3.44024e+31
-4.00179e+31,0.00570416,-4.00165e+31
-7.34018e+30,0.00345192,-7.33992e+30
-0.56485,0.825194,0
-0.56485,0.825194,0
-4.00179e+31,0.00570416,-4.00165e+31
-0.56485,0.825194,0
-0.56485,0.825194,0
-0.56485,0.825194,0
-0.56485,0.825194,0
-0.56485,0.825194,0
-0.56485,0.825194,0
-0.56485,0.825194,0
-0.56485,0.825194,0
-0.56485,0.825194,0
-0.56485,0.825194,0
-0.56485,0.825194,0
-0.56485,0.825194,0
-0.564849,0.825194,0
-0.56485,0.825194,0
-0.56485,0.825194,0
-0.56485,0.825194,0
-0.56485,0.825194,0
-0.56485,0.825194,0
-0.56485,0.825194,0
-0.56485,0.825194,0
-0.56485,0.825194,0
-0.56485,0.825194,0
-0.56485,0.825194,0
-0.56485,0.825194,0
-0.56485,0.825194,0
-0.56485,0.825194,0
-0.56485,0.825194,0
-0.56485,0.825194,0
-0.56485,0.825194,0
-0.712807,0.701361,0
-0.712807,0.701361,0
-0.712806,0.701361,0
-0.712807,0.70136,0
-2.52507e+31,-0.00115382,-2.52498e+31
-2.7998e+31,-0.00120186,-2.79971e+31
-0.712807,0.70136,0
-6.00468e+30,0.000841752,-6.00447e+30
-6.16672e+30,0.000758905,-6.1665e+30
-2.7998e+31,-0.00120186,-2.79971e+31
-3.09911e+30,0.00563056,-3.099e+30
-3.1452e+30,0.00540928,-3.14509e+30
-6.16672e+30,0.000758905,-6.1665e+30
-2.23964e+30,0.0118416,-2.23957e+30
-2.25195e+30,0.0120244,-2.25188e+30
-3.1452e+30,0.00540928,-3.14509e+30
-1.80869e+30,0.0230818,-1.80863e+30
-1.78848e+30,0.0222152,-1.78842e+30
-2.25195e+30,0.0120244,-2.25188e+30
-1.34886e+30,-0.0104889,-1.34881e+30
-1.35286e+30,-0.0102034,-1.35281e+30
-1.78848e+30,0.0222152,-1.78842e+30
-1.70995e+30,-0.00470449,-1.70989e+30
-1.71935e+30,-0.00477243,-1.71929e+30
-1.35286e+30,-0.0102034,-1.35281e+30
-3.04229e+30,-0.000657255,-3.04219e+30
-3.09982e+30,-0.000516319,-3.09971e+30
-1.71935e+30,-0.00477243,-1.71929e+30
-6.86759e+30,0.0032675,-6.86735e+30
-7.04418e+30,0.00333941,-7.04393e+30
-3.09982e+30,-0.000516319,-3.09971e+30
-3.15291e+31,0.00555069,-3.1528e+31
-3.44036e+31,0.00561042,-3.44024e+31
-7.04418e+30,0.00333941,-7.04393e+30
-0.712807,0.70136,0
-0.712807,0.70136,0
-3.44036e+31,0.00561042,-3.44024e+31
-0.712807,0.70136,0
-0.712807,0.70136,0
-0.712807,0.70136,0
-0.712807,0.70136,0
-0.712807,0.70136,0
-0.712807,0.70136,0
-0.712807,0.70136,0
-0.712807,0.70136,0
-0.712807,0.70136,0
-0.712807,0.70136,0
-0.712807,0.70136,0
-0.712807,0.70136,0
-0.712807,0.70136,0
-0.712807,0.70136,0
-0.712807,0.70136,0
-0.712807,0.70136,0
-0.712807,0.70136,0
-0.712807,0.70136,0
-0.712807,0.701361,0
-0.712807,0.70136,0
-0.712807,0.70136,0
-0.712807,0.70136,0
-0.712807,0.70136,0
-0.712807,0.70136,0
-0.712807,0.701361,0
-0.712807,0.70136,0
-0.712807,0.701361,0
-0.712807,0.70136,0
-0.712807,0.70136,0
-0.841948,0.539558,0
-0.841948,0.539558,0
-0.841948,0.539558,0
-0.841948,0.539559,0
-2.41455e+31,-0.00113057,-2.41447e+31
-2.52507e+31,-0.00115382,-2.52498e+31
-0.841948,0.539558,0
-5.93492e+30,0.000881848,-5.93471e+30
-6.00468e+30,0.000841752,-6.00447e+30
-2.52507e+31,-0.00115382,-2.52498e+31
-3.07923e+30,0.00573192,-3.07912e+30
-3.09911e+30,0.00563056,-3.099e+30
-6.00468e+30,0.000841752,-6.00447e+30
-2.23372e+30,0.011752,-2.23364e+30
-2.23964e+30,0.0118416,-2.23957e+30
-3.09911e+30,0.00563056,-3.099e+30
-1.81789e+30,0.0234674,-1.81783e+30
-1.80869e+30,0.0230818,-1.80863e+30
-2.23964e+30,0.0118416,-2.23957e+30
-1.34744e+30,-0.0105894,-1.3474e+30
-1.34886e+30,-0.0104889,-1.34881e+30
-1.80869e+30,0.0230818,-1.80863e+30
-1.70652e+30,-0.00467647,-1.70646e+30
-1.70995e+30,-0.00470449,-1.70989e+30
-1.34886e+30,-0.0104889,-1.34881e+30
-3.02154e+30,-0.000709845,-3.02144e+30
-3.04229e+30,-0.000657255,-3.04219e+30
-1.70995e+30,-0.00470449,-1.70989e+30
-6.80526e+30,0.00324116,-6.80503e+30
-6.86759e+30,0.0032675,-6.86735e+30
-3.04229e+30,-0.000657255,-3.04219e+30
-3.06197e+31,0.00552975,-3.06187e+31
-3.15291e+31,0.00555069,-3.1528e+31
-6.86759e+30,0.0032675,-6.86735e+30
-0.841949,0.539558,0
-0.841948,0.539558,0
-3.15291e+31,0.00555069,-3.1528e+31
-0.841949,0.539558,0
-0.841948,0.539558,0
-0.841949,0.539558,0
-0.841949,0.539558,0
-0.841948,0.539558,0
-0.841948,0.539558,0
-0.841949,0.539558,0
-0.841949,0.539558,0
-0.841948,0.539558,0
-0.841948,0.539558,0
-0.841948,0.539558,0
-0.841949,0.539558,0
-0.841949,0.539558,0
-0.841948,0.539558,0
-0.841948,0.539558,0
-0.841949,0.539558,0
-0.841949,0.539558,0
-0.841948,0.539558,0
-0.841948,0.539558,0
-0.841948,0.539558,0
-0.841948,0.539558,0
-0.841949,0.539558,0
-0.841948,0.539558,0
-0.841948,0.539558,0
-0.841948,0.539558,0
-0.841948,0.539558,0
-0.841948,0.539558,0
-0.841948,0.539558,0
-0.841948,0.539558,0
-0.939776,0.341791,0
-0.939776,0.341791,0
-0.939776,0.341791,0
-0.939776,0.341791,0
-2.43673e+31,-0.00113653,-2.43664e+31
-2.41455e+31,-0.00113057,-2.41447e+31
-0.939776,0.341791,0
-5.95442e+30,0.000872093,-5.95422e+30
-5.93492e+30,0.000881848,-5.93471e+30
-2.41455e+31,-0.00113057,-2.41447e+31
-3.08427e+30,0.00570439,-3.08416e+30
-3.07923e+30,0.00573192,-3.07912e+30
-5.93492e+30,0.000881848,-5.93471e+30
-2.23524e+30,0.0117765,-2.23517e+30
-2.23372e+30,0.011752,-2.23364e+30
-3.07923e+30,0.00573192,-3.07912e+30
-1.81558e+30,0.0233714,-1.81551e+30
-1.81789e+30,0.0234674,-1.81783e+30
-2.23372e+30,0.011752,-2.23364e+30
-1.3485e+30,-0.0105142,-1.34845e+30
-1.34744e+30,-0.0105894,-1.3474e+30
-1.81789e+30,0.0234674,-1.81783e+30
-1.70883e+30,-0.00469548,-1.70878e+30
-1.70652e+30,-0.00467647,-1.70646e+30
-1.34744e+30,-0.0105894,-1.3474e+30
-3.03613e+30,-0.00067281,-3.03602e+30
-3.02154e+30,-0.000709845,-3.02144e+30
-1.70652e+30,-0.00467647,-1.70646e+30
-6.85365e+30,0.00326162,-6.85341e+30
-6.80526e+30,0.00324116,-6.80503e+30
-3.02154e+30,-0.000709845,-3.02144e+30
-3.14393e+31,0.00554887,-3.14382e+31
-3.06197e+31,0.00552975,-3.06187e+31
-6.80526e+30,0.00324116,-6.80503e+30
-0.939776,0.341791,0
-0.939776,0.341791,0
-3.06197e+31,0.00552975,-3.06187e+31
-0.939776,0.341791,0
-0.939776,0.341791,0
-0.939776,0.341791,0
-0.939776,0.341791,0
-0.939776,0.341791,0
-0.939776,0.341791,0
-0.939776,0.341791,0
-0.939776,0.341791,0
-0.939776,0.341791,0
-0.939776,0.341791,0
-0.939776,0.341791,0
-0.939776,0.341791,0
-0.939776,0.341791,0
-0.939776,0.341791,0
-0.939776,0.341791,0
-0.939776,0.341791,0
-0.939776,0.341791,0
-0.939776,0.341791,0
-0.939776,0.341791,0
-0.939776,0.341791,0
-0.939776,0.341791,0
-0.939776,0.341791,0
-0.939776,0.341791,0
-0.939776,0.341791,0
-0.939776,0.341791,0
-0.939776,0.341791,0
-0.939776,0.341791,0
-0.939776,0.341791,0
-0.939776,0.341791,0
-0.9931,0.117271,0
-0.9931,0.117271,0
-0.9931,0.117271,0
-0.9931,0.117271,0
-2.5958e+31,-0.00116716,-2.59571e+31
-2.43673e+31,-0.00113653,-2.43664e+31
-0.9931,0.117271,0
-6.05383e+30,0.000815635,-6.05362e+30
-5.95442e+30,0.000872093,-5.95422e+30
-2.43673e+31,-0.00113653,-2.43664e+31
-3.11479e+30,0.00555593,-3.11468e+30
-3.08427e+30,0.00570439,-3.08416e+30
-5.95442e+30,0.000872093,-5.95422e+30
-2.24369e+30,0.0119093,-2.24361e+30
-2.23524e+30,0.0117765,-2.23517e+30
-3.08427e+30,0.00570439,-3.08416e+30
-1.80203e+30,0.0227998,-1.80196e+30
-1.81558e+30,0.0233714,-1.81551e+30
-2.23524e+30,0.0117765,-2.23517e+30
-1.35208e+30,-0.0102589,-1.35204e+30
-1.3485e+30,-0.0105142,-1.34845e+30
-1.81558e+30,0.0233714,-1.81551e+30
-1.71691e+30,-0.00475606,-1.71685e+30
-1.70883e+30,-0.00469548,-1.70878e+30
-1.3485e+30,-0.0105142,-1.34845e+30
-3.08674e+30,-0.000547875,-3.08663e+30
-3.03613e+30,-0.00067281,-3.03602e+30
-1.70883e+30,-0.00469548,-1.70878e+30
-7.0154e+30,0.00332795,-7.01516e+30
-6.85365e+30,0.00326162,-6.85341e+30
-3.03613e+30,-0.00067281,-3.03602e+30
-3.4199e+31,0.00560651,-3.41978e+31
-3.14393e+31,0.00554887,-3.14382e+31
-6.85365e+30,0.00326162,-6.85341e+30
-0.9931,0.117271,0
-0.9931,0.117271,0
-3.14393e+31,0.00554887,-3.14382e+31
-0.9931,0.117271,0
-0.9931,0.117271,0
-0.9931,0.117271,0
-0.9931,0.117271,0
-0.9931,0.117271,0
-0.9931,0.117271,0
-0.9931,0.117271,0
-0.9931,0.117271,0
-0.9931,0.117271,0
-0.9931,0.117271,0
-0.9931,0.117271,0
-0.9931,0.117271,0
-0.9931,0.117271,0
-0.9931,0.117271,0
-0.9931,0.117271,0
-0.9931,0.117271,0
-0.9931,0.117271,0
-0.9931,0.117271,0
-0.9931,0.117271,0
-0.9931,0.117271,0
-0.9931,0.117271,0
-0.9931,0.117271,0
-0.9931,0.117271,0
-0.9931,0.117271,0
-0.9931,0.117271,0
-0.9931,0.117271,0
-0.9931,0.117271,0
-0.9931,0.117271,0
-0.9931,0.117271,0
-0.9931,-0.117269,0
-0.9931,-0.117269,0
-0.9931,-0.117269,0
-0.9931,-0.117269,0
-2.92717e+31,-0.00122027,-2.92707e+31
-2.5958e+31,-0.00116716,-2.59571e+31
-0.9931,-0.117269,0
-6.24245e+30,0.000718199,-6.24223e+30
-6.05383e+30,0.000815635,-6.05362e+30
-2.5958e+31,-0.00116716,-2.59571e+31
-3.17026e+30,0.0052929,-3.17015e+30
-3.11479e+30,0.00555593,-3.11468e+30
-6.05383e+30,0.000815635,-6.05362e+30
-2.25875e+30,0.0121172,-2.25867e+30
-2.24369e+30,0.0119093,-2.24361e+30
-3.11479e+30,0.00555593,-3.11468e+30
-1.77864e+30,0.0217835,-1.77858e+30
-1.80203e+30,0.0227998,-1.80196e+30
-2.24369e+30,0.0119093,-2.24361e+30
-1.35844e+30,-0.00982158,-1.3584e+30
-1.35208e+30,-0.0102589,-1.35204e+30
-1.80203e+30,0.0227998,-1.80196e+30
-1.7314e+30,-0.00484154,-1.73134e+30
-1.71691e+30,-0.00475606,-1.71685e+30
-1.35208e+30,-0.0102589,-1.35204e+30
-3.17455e+30,-0.000341275,-3.17444e+30
-3.08674e+30,-0.000547875,-3.08663e+30
-1.71691e+30,-0.00475606,-1.71685e+30
-7.29396e+30,0.00343494,-7.29371e+30
-7.0154e+30,0.00332795,-7.01516e+30
-3.08674e+30,-0.000547875,-3.08663e+30
-3.9635e+31,0.00569844,-3.96336e+31
-3.4199e+31,0.00560651,-3.41978e+31
-7.0154e+30,0.00332795,-7.01516e+30
-0.9931,-0.117269,0
-0.9931,-0.117269,0
-3.4199e+31,0.00560651,-3.41978e+31
-0.9931,-0.117269,0
-0.9931,-0.117269,0
-0.9931,-0.117269,0
-0.9931,-0.117269,0
-0.9931,-0.117269,0
-0.9931,-0.117269,0
-0.9931,-0.117269,0
-0.9931,-0.117269,0
-0.9931,-0.117269,0
-0.9931,-0.117269,0
-0.9931,-0.117269,0
-0.9931,-0.117269,0
-0.9931,-0.117269,0
-0.9931,-0.117269,0
-0.9931,-0.117269,0
-0.9931,-0.117269,0
-0.9931,-0.117269,0
-0.9931,-0.117269,0
-0.9931,-0.117269,0
-0.9931,-0.117269,0
-0.9931,-0.117269,0
-0.9931,-0.117269,0
-0.9931,-0.117269,0
-0.9931,-0.117269,0
-0.9931,-0.117269,0
-0.9931,-0.117269,0
-0.9931,-0.117269,0
-0.9931,-0.117269,0
-0.9931,-0.117269,0
-0.939777,-0.341788,0
-0.939777,-0.341788,0
-0.939777,-0.341788,0
-0.939777,-0.341789,0
-3.50485e+31,-0.00128884,-3.50473e+31
-2.92717e+31,-0.00122027,-2.92707e+31
-0.939777,-0.341788,0
-6.51191e+30,0.000591368,-6.51168e+30
-6.24245e+30,0.000718199,-6.24223e+30
-2.92717e+31,-0.00122027,-2.92707e+31
-3.25052e+30,0.00494586,-3.25041e+30
-3.17026e+30,0.0052929,-3.17015e+30
-6.24245e+30,0.000718199,-6.24223e+30
-2.27813e+30,0.0123396,-2.27805e+30
-2.25875e+30,0.0121172,-2.25867e+30
-3.17026e+30,0.0052929,-3.17015e+30
-1.74847e+30,0.0204099,-1.74841e+30
-1.77864e+30,0.0217835,-1.77858e+30
-2.25875e+30,0.0121172,-2.25867e+30
-1.36766e+30,-0.00921383,-1.36761e+30
-1.35844e+30,-0.00982158,-1.3584e+30
-1.77864e+30,0.0217835,-1.77858e+30
-1.75255e+30,-0.00492435,-1.75249e+30
-1.7314e+30,-0.00484154,-1.73134e+30
-1.35844e+30,-0.00982158,-1.3584e+30
-3.29829e+30,-7.04028e-05,-3.29818e+30
-3.17455e+30,-0.000341275,-3.17444e+30
-1.7314e+30,-0.00484154,-1.73134e+30
-7.68592e+30,0.00357203,-7.68565e+30
-7.29396e+30,0.00343494,-7.29371e+30
-3.17455e+30,-0.000341275,-3.17444e+30
-4.92568e+31,0.0058148,-4.92551e+31
-3.9635e+31,0.00569844,-3.96336e+31
-7.29396e+30,0.00343494,-7.29371e+30
-0.939777,-0.341788,0
-0.939777,-0.341788,0
-3.9635e+31,0.00569844,-3.96336e+31
-0.939777,-0.341788,0
-0.939777,-0.341788,0
-0.939777,-0.341788,0
-0.939777,-0.341788,0
-0.939777,-0.341788,0
-0.939777,-0.341788,0
-0.939777,-0.341788,0
-0.939777,-0.341788,0
-0.939777,-0.341788,0
-0.939777,-0.341788,0
-0.939777,-0.341788,0
-0.939777,-0.341788,0
-0.939777,-0.341788,0
-0.939777,-0.341788,0
-0.939777,-0.341788,0
-0.939777,-0.341789,0
-0.939777,-0.341788,0
-0.939777,-0.341788,0
-0.939777,-0.341788,0
-0.939777,-0.341788,0
-0.939777,-0.341788,0
-0.939777,-0.341788,0
-0.939777,-0.341788,0
-0.939777,-0.341788,0
-0.939777,-0.341789,0
-0.939777,-0.341788,0
-0.939777,-0.341789,0
-0.939777,-0.341789,0
-0.939777,-0.341788,0
-0.841949,-0.539557,0
-0.84195,-0.539557,0
-0.841949,-0.539557,0
-0.84195,-0.539556,0
-4.43963e+31,-0.00136252,-4.43948e+31
-3.50485e+31,-0.00128884,-3.50473e+31
-0.84195,-0.539557,0
-6.84286e+30,0.000454313,-6.84262e+30
-6.51191e+30,0.000591368,-6.51168e+30
-3.50485e+31,-0.00128884,-3.50473e+31
-3.35063e+30,0.00456373,-3.35052e+30
-3.25052e+30,0.00494586,-3.25041e+30
-6.51191e+30,0.000591368,-6.51168e+30
-2.2998e+30,0.0125118,-2.29972e+30
-2.27813e+30,0.0123396,-2.27805e+30
-3.25052e+30,0.00494586,-3.25041e+30
-1.71666e+30,0.0188631,-1.7166e+30
-1.74847e+30,0.0204099,-1.74841e+30
-2.27813e+30,0.0123396,-2.27805e+30
-1.37906e+30,-0.00849806,-1.37901e+30
-1.36766e+30,-0.00921383,-1.36761e+30
-1.74847e+30,0.0204099,-1.74841e+30
-1.77919e+30,-0.00497459,-1.77913e+30
-1.75255e+30,-0.00492435,-1.75249e+30
-1.36766e+30,-0.00921383,-1.36761e+30
-3.44883e+30,0.000229719,-3.44871e+30
-3.29829e+30,-7.04028e-05,-3.29818e+30
-1.75255e+30,-0.00492435,-1.75249e+30
-8.16164e+30,0.00372021,-8.16136e+30
-7.68592e+30,0.00357203,-7.68565e+30
-3.29829e+30,-7.04028e-05,-3.29818e+30
-6.5703e+31,0.00593932,-6.57007e+31
-4.92568e+31,0.0058148,-4.92551e+31
-7.68592e+30,0.00357203,-7.68565e+30
-0.841949,-0.539557,0
-0.841949,-0.539557,0
-4.92568e+31,0.0058148,-4.92551e+31
-0.841949,-0.539557,0
-0.841949,-0.539557,0
-0.84195,-0.539557,0
-0.841949,-0.539557,0
-0.841949,-0.539557,0
-0.841949,-0.539557,0
-0.841949,-0.539557,0
-0.84195,-0.539557,0
-0.84195,-0.539557,0
-0.841949,-0.539557,0
-0.841949,-0.539557,0
-0.841949,-0.539557,0
-0.841949,-0.539557,0
-0.84195,-0.539557,0
-0.84195,-0.539556,0
-0.841949,-0.539557,0
-0.841949,-0.539557,0
-0.84195,-0.539556,0
-0.84195,-0.539556,0
-0.84195,-0.539556,0
-0.841949,-0.539557,0
-0.841949,-0.539557,0
-0.84195,-0.539556,0
-0.84195,-0.539557,0
-0.841949,-0.539557,0
-0.841949,-0.539557,0
-0.84195,-0.539556,0
-0.841949,-0.539557,0
-0.84195,-0.539557,0
-0.712808,-0.701359,0
-0.712808,-0.701359,0
-0.712808,-0.701359,0
-0.712808,-0.701359,0
-5.81231e+31,-0.00142632,-5.81211e+31
-4.43963e+31,-0.00136252,-4.43948e+31
-0.712808,-0.701359,0
-7.18059e+30,0.000331356,-7.18034e+30
-6.84286e+30,0.000454313,-6.84262e+30
-4.43963e+31,-0.00136252,-4.43948e+31
-3.45375e+30,0.00421579,-3.45363e+30
-3.35063e+30,0.00456373,-3.35052e+30
-6.84286e+30,0.000454313,-6.84262e+30
-2.31966e+30,0.0125927,-2.31958e+30
-2.2998e+30,0.0125118,-2.29972e+30
-3.35063e+30,0.00456373,-3.35052e+30
-1.68908e+30,0.0174228,-1.68902e+30
-1.71666e+30,0.0188631,-1.7166e+30
-2.2998e+30,0.0125118,-2.29972e+30
-1.39077e+30,-0.00779404,-1.39073e+30
-1.37906e+30,-0.00849806,-1.37901e+30
-1.71666e+30,0.0188631,-1.7166e+30
-1.80719e+30,-0.00498001,-1.80713e+30
-1.77919e+30,-0.00497459,-1.77913e+30
-1.37906e+30,-0.00849806,-1.37901e+30
-3.60271e+30,0.000507456,-3.60258e+30
-3.44883e+30,0.000229719,-3.44871e+30
-1.77919e+30,-0.00497459,-1.77913e+30
-8.64777e+30,0.00385461,-8.64747e+30
-8.16164e+30,0.00372021,-8.16136e+30
-3.44883e+30,0.000229719,-3.44871e+30
-9.2225e+31,0.00605134,-9.22218e+31
-6.5703e+31,0.00593932,-6.57007e+31
-8.16164e+30,0.00372021,-8.16136e+30
-0.712808,-0.701359,0
-0.712808,-0.701359,0
-6.5703e+31,0.00593932,-6.57007e+31
-0.712808,-0.701359,0
-0.712808,-0.701359,0
-0.712808,-0.701359,0
-0.712808,-0.701359,0
-0.712808,-0.701359,0
-0.712808,-0.701359,0
-0.712808,-0.701359,0
-0.712808,-0.701359,0
-0.712808,-0.701359,0
-0.712808,-0.701359,0
-0.712808,-0.701359,0
-0.712808,-0.701359,0
-0.712808,-0.701359,0
-0.712808,-0.701359,0
-0.712808,-0.701359,0
-0.712808,-0.701359,0
-0.712808,-0.701359,0
-0.712808,-0.701359,0
-0.712808,-0.701359,0
-0.712808,-0.701359,0
-0.712808,-0.701359,0
-0.712808,-0.701359,0
-0.712808,-0.701359,0
-0.712808,-0.701359,0
-0.712808,-0.701359,0
-0.712808,-0.701359,0
-0.712808,-0.701359,0
-0.712808,-0.701359,0
-0.712808,-0.701359,0
-0.564851,-0.825193,0
-0.564851,-0.825193,0
-0.564851,-0.825193,0
-0.564852,-0.825193,0
-7.36871e+31,-0.0014687,-7.36846e+31
-5.81231e+31,-0.00142632,-5.81211e+31
-0.564851,-0.825193,0
-7.4412e+30,0.000243478,-7.44094e+30
-7.18059e+30,0.000331356,-7.18034e+30
-5.81231e+31,-0.00142632,-5.81211e+31
-3.53467e+30,0.00397051,-3.53455e+30
-3.45375e+30,0.00421579,-3.45363e+30
-7.18059e+30,0.000331356,-7.18034e+30
-2.33392e+30,0.0126005,-2.33384e+30
-2.31966e+30,0.0125927,-2.31958e+30
-3.45375e+30,0.00421579,-3.45363e+30
-1.67069e+30,0.0163936,-1.67064e+30
-1.68908e+30,0.0174228,-1.68902e+30
-2.31966e+30,0.0125927,-2.31958e+30
-1.39976e+30,-0.00726878,-1.39971e+30
-1.39077e+30,-0.00779404,-1.39073e+30
-1.68908e+30,0.0174228,-1.68902e+30
-1.82955e+30,-0.00495902,-1.82949e+30
-1.80719e+30,-0.00498001,-1.80713e+30
-1.39077e+30,-0.00779404,-1.39073e+30
-3.72198e+30,0.000705171,-3.72185e+30
-3.60271e+30,0.000507456,-3.60258e+30
-1.80719e+30,-0.00498001,-1.80713e+30
-9.0251e+30,0.00394886,-9.02479e+30
-8.64777e+30,0.00385461,-8.64747e+30
-3.60271e+30,0.000507456,-3.60258e+30
-1.26444e+32,0.00612921,-1.26439e+32
-9.2225e+31,0.00605134,-9.22218e+31
-8.64777e+30,0.00385461,-8.64747e+30
-0.564851,-0.825193,0
-0.564851,-0.825193,0
-9.2225e+31,0.00605134,-9.22218e+31
-0.564851,-0.825193,0
-0.564851,-0.825193,0
-0.564851,-0.825193,0
-0.564851,-0.825193,0
-0.564851,-0.825193,0
-0.564851,-0.825193,0
-0.564851,-0.825193,0
-0.564851,-0.825193,0
-0.564851,-0.825193,0
-0.564851,-0.825193,0
-0.564851,-0.825193,0
-0.564851,-0.825193,0
-0.564851,-0.825193,0
-0.564851,-0.825193,0
-0.564851,-0.825193,0
-0.564851,-0.825193,0
-0.564851,-0.825193,0
-0.564852,-0.825193,0
-0.564851,-0.825193,0
-0.564851,-0.825193,0
-0.564851,-0.825193,0
-0.564851,-0.825193,0
-0.564852,-0.825193,0
-0.564851,-0.825193,0
-0.564851,-0.825193,0
-0.564851,-0.825193,0
-0.564851,-0.825193,0
-0.564851,-0.825193,0
-0.564851,-0.825193,0
-0.407189,-0.913344,0
-0.407189,-0.913344,0
-0.407189,-0.913344,0
-0.407189,-0.913344,0
-8.13877e+31,-0.00148411,-8.13849e+31
-7.36871e+31,-0.0014687,-7.36846e+31
-0.407189,-0.913344,0
-7.54139e+30,0.00021354,-7.54113e+30
-7.4412e+30,0.000243478,-7.44094e+30
-7.36871e+31,-0.0014687,-7.36846e+31
-3.56468e+30,0.00388203,-3.56456e+30
-3.53467e+30,0.00397051,-3.53455e+30
-7.4412e+30,0.000243478,-7.44094e+30
-2.33894e+30,0.0125932,-2.33886e+30
-2.33392e+30,0.0126005,-2.33384e+30
-3.53467e+30,0.00397051,-3.53455e+30
-1.66433e+30,0.0160217,-1.66427e+30
-1.67069e+30,0.0163936,-1.67064e+30
-2.33392e+30,0.0126005,-2.33384e+30
-1.40318e+30,-0.00707412,-1.40313e+30
-1.39976e+30,-0.00726878,-1.39971e+30
-1.67069e+30,0.0163936,-1.67064e+30
-1.83812e+30,-0.00494594,-1.83805e+30
-1.82955e+30,-0.00495902,-1.82949e+30
-1.39976e+30,-0.00726878,-1.39971e+30
-3.76764e+30,0.000776883,-3.76751e+30
-3.72198e+30,0.000705171,-3.72185e+30
-1.82955e+30,-0.00495902,-1.82949e+30
-9.16922e+30,0.00398278,-9.1689e+30
-9.0251e+30,0.00394886,-9.02479e+30
-3.72198e+30,0.000705171,-3.72185e+30
-1.45356e+32,0.00615732,-1.45351e+32
-1.26444e+32,0.00612921,-1.26439e+32
-9.0251e+30,0.00394886,-9.02479e+30
-0.407189,-0.913344,0
-0.40719,-0.913344,0
-1.26444e+32,0.00612921,-1.26439e+32
-0.407189,-0.913344,0
-0.40719,-0.913344,0
-0.40719,-0.913344,0
-0.407189,-0.913344,0
-0.407189,-0.913344,0
-0.40719,-0.913344,0
-0.40719,-0.913344,0
-0.40719,-0.913344,0
-0.407189,-0.913344,0
-0.40719,-0.913344,0
-0.40719,-0.913344,0
-0.40719,-0.913344,0
-0.407189,-0.913344,0
-0.407189,-0.913344,0
-0.407189,-0.913344,0
